"","Laji","min_1pros","max_1pros","KA_kasvusyvyys","Mediaani_kasvusyvyys","Keskihajonta","min_5_pros","max_5_pros","min_syvyys","max_syvyys","havaintojen_lkm","Lajin_90_pros_esiintyvyysrajat","lajihavainto"
"1","Mytilus trossulus.x.edulis",0,37.1510000000002,10.9955860169113,9.5,7.62949766564945,1.8135,25,0,63,38786,"1.81 - 25","Mytilus trossulus.x.edulis"
"2","Balanus improvisus..uusi.Amphibalanus.improvisus.",0.2,29,9.2310739018735,8.1,6.12635077818997,1.5,21,0,53.4,32054,"1.5 - 21","Balanus improvisus..uusi.Amphibalanus.improvisus."
"3","Cerastoderma Macoma.baltica.Mya.arenaria.kuoret",0.8,46,12.9034872328563,10.9,9.24752727199509,2.2,31,0,72,26909,"2.2 - 31","Cerastoderma Macoma.baltica.Mya.arenaria.kuoret"
"4","Ajelehtiva rihmalevä",0.2,35.2,8.54161583910919,6.8,7.40187894414739,0.6,22.5,0,79,26729,"0.6 - 22.5","Ajelehtiva rihmalevä"
"5","Kiinnittynyt tunnistamaton.rihmalevä",0.3,16.757,6.25218766712336,5.7,3.94413857899125,1,13.8,0,45,20678,"1 - 13.8","Kiinnittynyt tunnistamaton.rihmalevä"
"6","Balanus improvisus..uusi.Amphibalanus.improvisus..OLDSCALE",0,31.1,10.0575898976301,9,6.57105615817516,1.6,23,0,53.4,19316,"1.6 - 23","Balanus improvisus..uusi.Amphibalanus.improvisus..OLDSCALE"
"7","Fucus vesiculosus",0.2,15,3.30785232926278,2.6,2.95900462918881,0.5,7.9,0,41,17824,"0.5 - 7.9","Fucus vesiculosus"
"8","Cerastoderma ..Macoma.baltica...Mya.arenaria.kuoret.OLDSCALE",0.956,50.3440000000001,14.1621273622167,12,10.0934165888411,2.4,34.4,0,72,16459,"2.4 - 34.4","Cerastoderma ..Macoma.baltica...Mya.arenaria.kuoret.OLDSCALE"
"9","Hildenbrandia rubra",0,17,5.44069607636695,4.6,3.97093005380466,0.5,12.8,0,26.7,14251,"0.5 - 12.8","Hildenbrandia rubra"
"10","Electra crustulenta",0,35.5,9.90010011280316,8.2,7.51074235034902,1.2,25,0,57.4,14199,"1.2 - 25","Electra crustulenta"
"11","Potamogeton pectinatus",0.01434,6.1,1.67853442769071,1.3,1.34479478827317,0.3,4.1,0,22.3,13732,"0.3 - 4.1","Potamogeton pectinatus"
"12","Polyps",1,34.6,12.7142143897019,12,6.89617379903697,3.3,25,0,55,13082,"3.3 - 25","Polyps"
"13","Potamogeton perfoliatus",0,5.7,1.81934963653603,1.5,1.34548627697268,0.26,4.4,0,22.3,12923,"0.26 - 4.4","Potamogeton perfoliatus"
"14","Mytilus trossulus.x.edulis.OLDSCALE",0,45.649,12.6473314140468,10.7,9.57831903520812,1,32.8,0,73,12855,"1 - 32.8","Mytilus trossulus.x.edulis.OLDSCALE"
"15","Furcellaria lumbricalis",0.8952,15.4,6.63082864870086,6.3,3.23754896270887,2,12.3,0,37.8,10360,"2 - 12.3","Furcellaria lumbricalis"
"16","Rihmamaiset epifyyttiset.levät",0.2,30.8,6.9690655467081,4,7.87472732343462,0.43,22.9,0,72.2,10321,"0.43 - 22.9","Rihmamaiset epifyyttiset.levät"
"17","Cladophora glomerata",0,8,2.12122675057437,1.6,1.85331062018021,0.2,5.6,0,14.9,10044,"0.2 - 5.6","Cladophora glomerata"
"18","Ceramium tenuicorne",0,13.0780000000001,4.23521639411704,3.8,2.83986179543079,0.5,9.6,0,21,9743,"0.5 - 9.6","Ceramium tenuicorne"
"19","Polyps OLDSCALE",1,36,12.9579655827703,12,7.21085378149725,3.6,26,0,55,9490,"3.6 - 26","Polyps OLDSCALE"
"20","Saduria entomon",3.6,60.32,27.3651028806588,26,12.488236150894,9,53.4,0,75,8184,"9 - 53.4","Saduria entomon"
"21","Electra crustulenta.OLDSCALE",0,37.429,12.1822768092974,10.5,8.46709312951858,1.7,30.2,0,57.4,7587,"1.7 - 30.2","Electra crustulenta.OLDSCALE"
"22","Pilayella littoralis...Ectocarpus.siliculosus",0.2,12.3,4.11469085729788,3.7,2.79093618530731,0.6,9.2,0,22.8,7410,"0.6 - 9.2","Pilayella littoralis...Ectocarpus.siliculosus"
"23","Ephydatia fluviatilis",1,21,8.25085090958829,7.8,4.69717157373355,2.3,15.9,0,57.2,7321,"2.3 - 15.9","Ephydatia fluviatilis"
"24","Kiinnittynyt rihmamainen.punalevä",0.9,15.3,6.65858131012368,6.1,3.39380474864917,1.8,12.8,0,30.1,6667,"1.8 - 12.8","Kiinnittynyt rihmamainen.punalevä"
"25","Chorda filum",0,8.5,2.99274093264249,2.7,2.01809261433211,0.4,6.7,0,17.3,6577,"0.4 - 6.7","Chorda filum"
"26","Macoma baltica",0.5,37,9.90806857492729,9,6.62031964752048,1.7,20.5,0,56,6535,"1.7 - 20.5","Macoma baltica"
"27","Spirulina sp.",0,16.558,8.01352027138838,8,3.30916772029421,2.41,13.5,0,27.3,6418,"2.41 - 13.5","Spirulina sp."
"28","Kiinnittynyt tunnistamaton.rihmalevä...5.cm...476",0.14245,13.5,4.40116037735849,3.9,3.29560213451725,0.4,10.4,0,29.2,5954,"0.4 - 10.4","Kiinnittynyt tunnistamaton.rihmalevä...5.cm...476"
"29","Macoma baltica.OLDSCALE",1,37.8900000000003,10.664233784747,9.5,6.68215948568544,2.655,21,0,56,5614,"2.66 - 21","Macoma baltica.OLDSCALE"
"30","Myriophyllum spicatum",0.09,5,1.52913983903421,1.3,1.11574447392544,0.3,3.6,0,22.3,5025,"0.3 - 3.6","Myriophyllum spicatum"
"31","Pilayella littoralis",0,12.5,3.5008616441123,2.9,2.76314058501752,0.5,9,0,21,4960,"0.5 - 9","Pilayella littoralis"
"32","Pisces sp.",0.28,44.4589999999999,10.9417527497709,8.8,9.4136177613315,0.58,27.6,0,66.7,4382,"0.58 - 27.6","Pisces sp."
"33","Ephydatia fluviatilis.OLDSCALE",1.1,26.8400000000001,8.87536333802157,8.2,5.20760571219174,2.4,16.6,0,57.2,4273,"2.4 - 16.6","Ephydatia fluviatilis.OLDSCALE"
"34","Chara aspera",0.043,3.3,0.772809264949185,0.55,0.680151532461964,0.15,2.1,0,7,4268,"0.15 - 2.1","Chara aspera"
"35","Ulva sp.",0,7.53500000000004,1.68926068170907,1.1,1.67796500691811,0.2,4.8,0,15.34,4198,"0.2 - 4.8","Ulva sp."
"36","Najas marina",0.1,3.2,0.87168534151957,0.69,0.72655792146752,0.24,2.1,0,22.3,3932,"0.24 - 2.1","Najas marina"
"37","Sphacelaria arctica",0.7,13.5,6.97245597073426,7,2.90556730460003,2.4,12,0,18,3834,"2.4 - 12","Sphacelaria arctica"
"38","Polysiphonia fucoides",0.161,13.5949999999999,5.41723921354451,5.1,2.84998514295494,1.4,10.2,0,20.4,3665,"1.4 - 10.2","Polysiphonia fucoides"
"39","Cordylophora caspia",0,54.5279999999999,16.9670382528745,12.5,12.993752823816,2.5,43.8,0,61.3,3627,"2.5 - 43.8","Cordylophora caspia"
"40","Ceratophyllum demersum",0.1518,6.98200000000002,1.77244643364592,1.4,1.48600345632677,0.31,4.5,0,22.3,3543,"0.31 - 4.5","Ceratophyllum demersum"
"41","Cladophora rupestris",0.427,10,4.18242148760331,4,2.1457370538644,1,8,0,18,3155,"1 - 8","Cladophora rupestris"
"42","Phragmites australis",0,2.43,0.62677557544757,0.5,0.559894611369613,0.05,1.7,0,6.1,3135,"0.05 - 1.7","Phragmites australis"
"43","Hydrobia sp.",0.725,16.3,6.32813723608445,6,3.13256135056925,1.9,11.6,0.03,26.2,3126,"1.9 - 11.6","Hydrobia sp."
"44","Chara Nitella",0.15,5.5,1.81397412634409,1.5,1.24052164563135,0.3,4.1,0,10,2997,"0.3 - 4.1","Chara Nitella"
"45","Aegagropila linnaei",0.2,12.68,3.94809213802917,3.4,2.77012138364362,0.6,9.2,0,25.6,2815,"0.6 - 9.2","Aegagropila linnaei"
"46","Beggiatoa sp.",0.5682,76.6,32.7204048140044,27.05,22.8354123921815,2.1,72.7,0,77.3,2757,"2.1 - 72.7","Beggiatoa sp."
"47","Kiinnittynyt rihmamainen.ruskolevä",0.5,15.097,5.49285133136095,5.1,3.19120082055526,1.203,11,0,31.6,2752,"1.2 - 11","Kiinnittynyt rihmamainen.ruskolevä"
"48","Mysidae",0.3,61,23.573660540135,22,13.2165579074412,3.725,49.075,0,76,2668,"3.73 - 49.08","Mysidae"
"49","Ajelehtiva tunnistamaton.kasviaines",0.2,57,9.94077878787879,5.7,11.2472898295363,0.449,30,0,79,2652,"0.45 - 30","Ajelehtiva tunnistamaton.kasviaines"
"50","Ectocarpus siliculosus",0,12.9,3.34653840216133,2.6,2.87792034724193,0.3,8.9,0,21,2596,"0.3 - 8.9","Ectocarpus siliculosus"
"51","Myriophyllum sp.",0.1,5.7,1.6748755398508,1.5,1.33489165315624,0.25,3.9,0,20.3,2573,"0.25 - 3.9","Myriophyllum sp."
"52","Cordylophora caspia.OLDSCALE",0,56,20.6165020413552,15.8,13.7136683767034,3.35,46.35,0,61.3,2533,"3.35 - 46.35","Cordylophora caspia.OLDSCALE"
"53","Pseudolithoderma",0,13.887,4.3349522673031,3.7,3.18316355542123,0.3,10.8,0,16.7,2515,"0.3 - 10.8","Pseudolithoderma"
"54","Zannichellia palustris",0,5.03800000000001,1.04362209056284,0.6,1.1202608017701,0.1,3.4,0,7.8,2372,"0.1 - 3.4","Zannichellia palustris"
"55","Fontinalis sp.",0.4,8.1,3.64151146983857,3.5,1.85510288595079,0.8,6.93499999999999,0,11.4,2361,"0.8 - 6.93","Fontinalis sp."
"56","Myriophyllum sibiricum",0,4.40700000000002,1.03430470793374,0.7,0.949679468502611,0.15,3,0,9,2318,"0.15 - 3","Myriophyllum sibiricum"
"57","Ceramium sp.",0.78,13,5.17792663915635,4.8,2.80886907277826,1.4,10.3,0.1,16,2260,"1.4 - 10.3","Ceramium sp."
"58","Vaucheria sp.",0.02,6.21399999999999,2.07887654320988,1.9,1.48019763316992,0.2,4.9,0,11.5,2209,"0.2 - 4.9","Vaucheria sp."
"59","Cerastoderma glaucum",0,17.2699999999999,5.77283858998145,5,4.2061064307325,0,14,0,25.9,2159,"0 - 14","Cerastoderma glaucum"
"60","Mytilus trossulus.edulis.kuorimurska",1,33,11.8276313035205,9.6,7.79011436670782,2.4,27,0.1,45.7,2102,"2.4 - 27","Mytilus trossulus.edulis.kuorimurska"
"61","Zannichellia sp.",0.05,6.94100000000001,1.68057233009709,1.2,1.47185217358776,0.2,4.4,0,13.6,2100,"0.2 - 4.4","Zannichellia sp."
"62","Kiinnittynyt tunnistamaton.rihmalevä...5.cm...477",0.2,12.316,3.4853376498801,2.6,2.98486867754919,0.5,9.7,0,18.6,2086,"0.5 - 9.7","Kiinnittynyt tunnistamaton.rihmalevä...5.cm...477"
"63","Ajelehtiva makrofyytti",0.1,54.1,8.00054536340852,4.7,10.6620357056468,0.35,32.13,0,77.3,2029,"0.35 - 32.13","Ajelehtiva makrofyytti"
"64","Callitriche hermaphroditica",0,4.2,1.01085845213849,0.65,0.950243204156274,0.1,3,0,7.7,1974,"0.1 - 3","Callitriche hermaphroditica"
"65","Cladophora sp.",0.15,8.7,3.10478679147166,3,2.07337976518252,0.4,6.8,0.02,14.2,1936,"0.4 - 6.8","Cladophora sp."
"66","Tolypella nidifica",0,6.33399999999999,2.21971558650241,2,1.55736717015189,0.2374,5.02099999999999,0,7.5,1921,"0.24 - 5.02","Tolypella nidifica"
"67","Kiinnittynyt rihmamainen.viherlevä",0.2,12,3.36614421997755,3,2.3260909709005,0.5,7.19499999999998,0,19.8,1798,"0.5 - 7.19","Kiinnittynyt rihmamainen.viherlevä"
"68","Pomatochistus sp.",0.307,32,13.2978011661808,13.5,7.62106930333618,1.3,25.16,0,57,1740,"1.3 - 25.16","Pomatochistus sp."
"69","Balanus improvisus",0.2,15.5,4.80702576112412,4.2,3.35314476033366,0.5,11.265,0.05,21.5,1708,"0.5 - 11.26","Balanus improvisus"
"70","Chara tomentosa",0.1,2.92447000000001,0.851345605700713,0.7,0.568112108923141,0.3,1.9,0,4.1,1695,"0.3 - 1.9","Chara tomentosa"
"71","Fontinalis antipyretica",0.2,7.7,2.35639756097561,2,1.74532213746013,0.35,5.7,0,9.6,1677,"0.35 - 5.7","Fontinalis antipyretica"
"72","Coccotylus truncatus..Phyllophora.pseudoceranoides",1.614,18.286,9.4115476477684,9.1,3.57339013191165,4,15.7,0.4,27.3,1659,"4 - 15.7","Coccotylus truncatus..Phyllophora.pseudoceranoides"
"73","Chara sp.",0.05,4.5,1.03723346560847,0.7,0.968229253782374,0.2,3,0,9.8,1566,"0.2 - 3","Chara sp."
"74","Zoarces viviparus",3.049,59.8,30.558085057469,30.05,13.6261319419903,7,53.5,0,75,1469,"7 - 53.5","Zoarces viviparus"
"75","Rivularia sp.",0,6,0.853398262128892,0.52,1.68699575675261,0.1,2.1,0,50,1383,"0.1 - 2.1","Rivularia sp."
"76","Pylaiella littoralis",0.2,9,2.54730320699708,2,2.08081000013194,0.3,6.7,0.1,14,1372,"0.3 - 6.7","Pylaiella littoralis"
"77","Polysiphonia sp.",0.608,13,5.62225830258303,5,2.83941485660566,1.7,11.1,0.07,16.1,1357,"1.7 - 11.1","Polysiphonia sp."
"78","Mytilus trossulus",0.4,16.2,5.51018450184502,4.8,3.67009547264667,1,13,0.1,21.5,1355,"1 - 13","Mytilus trossulus"
"79","Potamogeton pusillus",0.0299,3.76700000000001,0.791324587706147,0.6,0.755964399216897,0.12,2.3,0,5.8,1342,"0.12 - 2.3","Potamogeton pusillus"
"80","Eleocharis acicularis",0,1.40588,0.38815337889142,0.32,0.33829208640989,0.02,0.95,0,5,1317,"0.02 - 0.95","Eleocharis acicularis"
"81","Polysiphonia fibrillosa",0.3872,12,4.36031050583658,4.3,2.45361838484169,1,8.4,0.05,20.4,1295,"1 - 8.4","Polysiphonia fibrillosa"
"82","Dictyosiphon foeniculaceus",0.1,7.60000000000005,1.79700237906423,1.2,1.70435966074328,0.3,5.3,0,12.2,1265,"0.3 - 5.3","Dictyosiphon foeniculaceus"
"83","Dreissena polymorpha",1.147,13.8,6.79594076655052,6.7,3.06211693815853,1.8,12,0,18,1152,"1.8 - 12","Dreissena polymorpha"
"84","Elachista fucicola",0.461,6.93399999999999,2.68461264470169,2.5,1.52520484773046,0.8,5.8,0,8.3,1125,"0.8 - 5.8","Elachista fucicola"
"85","Stuckenia filiformis",0,4.44400000000001,0.780465500485909,0.48,1.0340949547846,0.1,2.7,0,11,1051,"0.1 - 2.7","Stuckenia filiformis"
"86","Perca fluviatilis",0,22,10.2970694864048,11,5.75503013099626,0.55,19,0,27,1032,"0.55 - 19","Perca fluviatilis"
"87","Makrofyytti",0.00112,10.794,2.55234760956175,2.2,2.20037160182681,0.2,5.9,0,21,1008,"0.2 - 5.9","Makrofyytti"
"88","Pot pect.Pot.fili.Ruppia.sp..Zannichellia.sp.",0.2,5.8168,2.16597244897959,2,1.44350896535151,0.498,4.5,0.15,13.1,981,"0.5 - 4.5","Pot pect.Pot.fili.Ruppia.sp..Zannichellia.sp."
"89","Gasterosteus aculeatus",0.18,11.674,3.21817842323651,2.5,2.55198823987092,0.4,7.8,0,18.4,971,"0.4 - 7.8","Gasterosteus aculeatus"
"90","Chara globularis",0.1,4.79200000000001,1.4463277486911,1.1,1.15622783549028,0.3,3.5,0,12.1,962,"0.3 - 3.5","Chara globularis"
"91","Zostera marina",0.6,6.5613,3.13920137299771,3,1.27917211403224,1.21195,5.5,0,8.45,932,"1.21 - 5.5","Zostera marina"
"92","Theodoxus fluviatilis",0.1045,9.33,3.45675164835165,3,2.50694544914888,0.4,7.755,0,12.3,911,"0.4 - 7.75","Theodoxus fluviatilis"
"93","Sparganium sp.",0.01,2.3,0.66926872246696,0.5,0.502257165876646,0.1,1.7,0,3.8,910,"0.1 - 1.7","Sparganium sp."
"94","Ruppia sp.",0,6,1.71351927437642,1.35,1.36613466004992,0.237,4.357,0,7.6,897,"0.24 - 4.36","Ruppia sp."
"95","Lemna trisulca",0,2.7,0.739790671217292,0.6,0.577439724081261,0.1009,1.80999999999999,0,4.1,889,"0.1 - 1.81","Lemna trisulca"
"96","Cerastoderma glaucum.OLDSCALE",0,19,7.00655367231638,7,5.14509171594622,0,15,0,25.9,887,"0 - 15","Cerastoderma glaucum.OLDSCALE"
"97","Dictyosiphon foeniculaceus...Stictyosiphon.tortilis",0,8,2.53855384615385,2.2,1.86213926714329,0.2,6,0,10.24,859,"0.2 - 6","Dictyosiphon foeniculaceus...Stictyosiphon.tortilis"
"98","Lymnea sp.",0.01,11.107,2.75642548076923,1.2,3.06538179933065,0.1,8.43499999999998,0,24.3,836,"0.1 - 8.43","Lymnea sp."
"99","Cerastoderma/Macoma baltica/Mya arenaria",0.2,12.364,4.06440781440781,3.3,2.99221279212998,0.4,9.8,0.1,21.5,819,"0.4 - 9.8","Cerastoderma/Macoma baltica/Mya arenaria"
"100","Nuphar lutea",0.1,2.2,0.815076827757125,0.7,0.528889535245459,0.3,1.8,0,6.3,807,"0.3 - 1.8","Nuphar lutea"
"101","Anodonta anatina",0.1452,6.848,1.91502445302445,1.6,1.35239108815798,0.5,4.73199999999999,0,8.9,779,"0.5 - 4.73","Anodonta anatina"
"102","Eleocharis sp.",0,1.27478999999999,0.249643410852713,0.2,0.345546161204477,0,0.7,0,5,774,"0 - 0.7","Eleocharis sp."
"103","Rhodomela confervoides",0,16.3,8.67597402597403,8.75,3.00377428801111,4,13.6,0,20.4,770,"4 - 13.6","Rhodomela confervoides"
"104","Stictyosiphon tortilis",0.19,10,3.34802124833997,3.1,2.3534173182876,0.4,7.74,0,12,757,"0.4 - 7.74","Stictyosiphon tortilis"
"105","Kiinnittynyt tunnistamaton rihmalevä < 5 cm",0.05,8.12399999999998,1.33362416107383,0.7,1.59790555740419,0.2,4.9,0,10.8,745,"0.2 - 4.9","Kiinnittynyt tunnistamaton rihmalevä < 5 cm"
"106","Pilayella littoralis / Ectocarpus siliculosus",0.1085,11.2,2.59105849582173,2.05,2.31540803298155,0.2,6.83,0,14.3,718,"0.2 - 6.83","Pilayella littoralis / Ectocarpus siliculosus"
"107","Schoenoplectus tabernaemontani",0,1.3,0.335600282485876,0.289,0.276656420377823,0.000350000000000001,0.8,0,2,711,"0 - 0.8","Schoenoplectus tabernaemontani"
"108","Cladophora fracta",0.0484,7.03999999999996,1.59752367288379,0.89,1.70890213877592,0.15,5.1,0,10.4,702,"0.15 - 5.1","Cladophora fracta"
"109","Putkilokasvit",0,5.5,1.72141260744986,1.48,1.48874601752286,0.1,4.4,0,14.75,699,"0.1 - 4.4","Putkilokasvit"
"110","Subularia aquatica",0,1.514,0.425624454148472,0.4,0.330210859193641,0,1.1,0,2.1,689,"0 - 1.1","Subularia aquatica"
"111","Sphacelaria sp.",0.6,17.321,8.12882352941176,7.95,3.82089154036277,2.895,14.9,0.2,23.1,681,"2.9 - 14.9","Sphacelaria sp."
"112","Siphon holes",15.05,55.3,38.0648286140089,38.5,9.00037229373357,21.6,55.1,0,58.2,671,"21.6 - 55.1","Siphon holes"
"113","Mytilus trossulus.x.edulis..kuorimurska.OLDSCALE",0.541,32,10.1788161993769,8.1,7.57835120727238,1.5,27,0.1,35,642,"1.5 - 27","Mytilus trossulus.x.edulis..kuorimurska.OLDSCALE"
"114","Laomedea loveni",0,48.9,11.7907800312012,10.4,8.40845863271626,1.35,27.9,0,49.9,641,"1.35 - 27.9","Laomedea loveni"
"115","Ranunculus peltatus.ssp..baudotii",0,3.685,1.21753833865815,1,0.8526961396229,0.15,3,0,5.23,641,"0.15 - 3","Ranunculus peltatus.ssp..baudotii"
"116","Sinilevämatto",0.1,8.774,2.63474162679426,2.3,2.10747021480722,0.222,6.1,0,17,627,"0.22 - 6.1","Sinilevämatto"
"117","Spirogyra",0.06904,6.09599999999998,1.71197777777778,1,1.64887268604319,0.2,5.3,0,11,586,"0.2 - 5.3","Spirogyra"
"118","Nitella sp.",0.0468,5.5,1.69808376068376,1.5,1.21027717651765,0.284,4.2,0,6.3,585,"0.28 - 4.2","Nitella sp."
"119","Fissidens fontanus",0.2365,6.3,2.85987108013937,2.9,1.29608766674757,0.5,5,0.05,7.4,574,"0.5 - 5","Fissidens fontanus"
"120","Potamogeton gramineus",0.08336,3,0.791846994535519,0.6,0.630386935322616,0.2,2.2,0.05,4.3,549,"0.2 - 2.2","Potamogeton gramineus"
"121","Elatine hydropiper",0,2.41800000000001,0.522946494464945,0.4,0.445625032914402,0.05,1.4,0,3.8,543,"0.05 - 1.4","Elatine hydropiper"
"122","Zannichellia major",0,5.264,1.58972067039106,1.3,1.25560122521236,0.208,4.102,0,6.11,542,"0.21 - 4.1","Zannichellia major"
"123","Ranunculus circinatus",0.2098,3.186,1.17001941747573,1,0.719256939048425,0.4,2.5,0.05,4.5,530,"0.4 - 2.5","Ranunculus circinatus"
"124","Rihmamaiset levät",0.1,7.485,1.74686046511628,0.8,1.84842074495909,0.2,5.7,0.01,8.5,516,"0.2 - 5.7","Rihmamaiset levät"
"125","Sagittaria natans x sagittifolia",0,1.0935,0.468249027237354,0.45,0.260347736138616,0.05,0.9,0,1.5,514,"0.05 - 0.9","Sagittaria natans x sagittifolia"
"126","Nymphaea alba",0,2.4,0.761375,0.6,0.52099142909641,0.1,1.9,0,3,497,"0.1 - 1.9","Nymphaea alba"
"127","Alisma wahlenbergii",0,1.1,0.407166666666667,0.355,0.272620189221798,0.05,0.9,0,2.4,480,"0.05 - 0.9","Alisma wahlenbergii"
"128","Potamogeton sp..Stuckenia.sp.",0,10.9,1.65600649350649,0.8,1.9947568817556,0.1405,4.7,0,12,480,"0.14 - 4.7","Potamogeton sp..Stuckenia.sp."
"129","Dreissena polymorpha.OLDSCALE",0.936,12.288,5.7044776119403,5.5,2.79561645458439,1.5,10,0,18,473,"1.5 - 10","Dreissena polymorpha.OLDSCALE"
"130","muut selkärangattomat",0,19.72,4.51088079470199,3.6,4.13257309160287,0.3,10.8,0,31.5,454,"0.3 - 10.8","muut selkärangattomat"
"131","Monostroma sp.",0.8,12,3.7818407960199,3.7,2.16132258264742,1.3,6.995,0.5,17,427,"1.3 - 6.99","Monostroma sp."
"132","Copepoda",0,47.7,39.7944174757282,40.2,6.57544965022638,33.545,46.845,0,47.9,412,"33.55 - 46.84","Copepoda"
"133","Anodonta anatina.OLDSCALE",0.1453,7.18199999999999,2.24021951219512,1.9,1.48392666193604,0.6,5.30999999999999,0,8.9,411,"0.6 - 5.31","Anodonta anatina.OLDSCALE"
"134","Potamogeton filiformis",0,1.59399999999999,0.47009900990099,0.4,0.331431948633048,0.05,1.2,0,2,404,"0.05 - 1.2","Potamogeton filiformis"
"135","Callitriche palustris",0,1.1,0.364401515151515,0.3,0.296645153741309,0.0175,0.8625,0,2.9,397,"0.02 - 0.86","Callitriche palustris"
"136","Alisma plantago-aquatica",0,1.13992,0.315091603053435,0.3,0.256884377540187,0.01,0.8,0,1.6,394,"0.01 - 0.8","Alisma plantago-aquatica"
"137","Ruppia maritima",0.0577,4.223,0.989291005291005,0.54,1.02494909492461,0.15,3.215,0,7.5,382,"0.15 - 3.21","Ruppia maritima"
"138","Ranunculus sp.",0,3.547,1.07207062146893,1,0.759520631648232,0.2,2.6415,0,4.5,379,"0.2 - 2.64","Ranunculus sp."
"139","Platyhypnidium riparioides",0.4,6.5,3.02155026455026,2.9,1.30484378115648,1,5.415,0.3,7.4,378,"1 - 5.41","Platyhypnidium riparioides"
"140","Isoëtes echinospora",0,1.1,0.501698113207547,0.5,0.273574092877465,0.1,0.9,0,2.4,371,"0.1 - 0.9","Isoëtes echinospora"
"141","Zannichellia palustris.var..repens",0.0105,4.6,1.19637797619048,0.8,1.14668170315451,0.1075,3.7,0,5.6,361,"0.11 - 3.7","Zannichellia palustris.var..repens"
"142","Biofilmi",0.0344,12.664,3.81838681948424,2.7,3.31752866438576,0.238,10,0,14.3,350,"0.24 - 10","Biofilmi"
"143","Callitriche sp.",0,3.9,0.930292753623188,0.55,0.964266776858537,0.05,3.1,0,5.3,348,"0.05 - 3.1","Callitriche sp."
"144","Elatine sp.",0,2.1472,0.501144927536232,0.4,0.434272235220936,0.05,1.2,0,4.2,345,"0.05 - 1.2","Elatine sp."
"145","Ranunculus peltatus",0.15,2.19800000000001,0.687820895522388,0.6,0.408516042582295,0.235,1.5,0.1,3.2,335,"0.23 - 1.5","Ranunculus peltatus"
"146","Triglopsis quadricornis",7,74.977,25.417921686747,20.35,16.0755961362508,8,61.045,3.8,79,335,"8 - 61.05","Triglopsis quadricornis"
"147","Potamogeton berchtoldii",0.0221,3.458,0.660403726708075,0.5,0.652171779244847,0.1,2.1,0,5,329,"0.1 - 2.1","Potamogeton berchtoldii"
"148","Chara baltica",0,4.3,1.20496507936508,1,0.817489696103421,0.19,2.7,0,4.5,322,"0.19 - 2.7","Chara baltica"
"149","Potamogeton natans",0.1,1.5,0.57134076433121,0.5,0.310436395600052,0.2,1.2,0,2.2,316,"0.2 - 1.2","Potamogeton natans"
"150","Bryophyta sp.",0.05011,5.55599999999999,1.5055641025641,1,1.32181659165974,0.2,3.845,0.037,5.9,314,"0.2 - 3.84","Bryophyta sp."
"151","Chorda ..Halosiphon",0.3,8,2.19616129032258,1.85,1.69630717505812,0.5,5.4,0.2,10.6,310,"0.5 - 5.4","Chorda ..Halosiphon"
"152","Chara canescens",0.1,2,0.678137457044674,0.6,0.415410883018323,0.2,1.5,0.01,2.6,308,"0.2 - 1.5","Chara canescens"
"153","Rhodochorton purpureum",1,10,4.78381639344262,4.2,2.31087945616265,2,9.2,0.064,11.1,305,"2 - 9.2","Rhodochorton purpureum"
"154","Zannichellia palustris.var..pedicellata",0,4.948,1.16320740740741,0.7,1.12218805185974,0.109,3.2775,0,5.8,291,"0.11 - 3.28","Zannichellia palustris.var..pedicellata"
"155","Limosella aquatica",0,0.9,0.231828070175439,0.2,0.215241598414814,0,0.65,0,1.2,286,"0 - 0.65","Limosella aquatica"
"156","Phyllophora pseudoceranoides",1.225,18.94,9.52685314685315,9.5,3.77493718680502,3.9,15.65,0.24,24.2,286,"3.9 - 15.65","Phyllophora pseudoceranoides"
"157","Poaceae spp.",0,0.8696,0.166353790613718,0.1,0.220579846272486,0,0.6,0,1.759,277,"0 - 0.6","Poaceae spp."
"158","Nerophis ophidion",0.1959,10.9020000000001,4.16281923076923,4,2.58377768275726,0.5,8.4,0,12.3,273,"0.5 - 8.4","Nerophis ophidion"
"159","Sagittaria sagittifolia.x.natans",0.041,1.9,0.534188191881919,0.429,0.383538705382806,0.14,1.1,0,3.5,271,"0.14 - 1.1","Sagittaria sagittifolia.x.natans"
"160","Myriophyllum verticillatum",0,2.5,0.698295454545454,0.55,0.505451208111665,0.1,1.6425,0,3,265,"0.1 - 1.64","Myriophyllum verticillatum"
"161","Schoenoplectus sp.",0,2.03599999999997,0.435478764478764,0.4,0.46073993670615,0.039,1,0,4.4,262,"0.04 - 1","Schoenoplectus sp."
"162","Ranunculus confervoides",0,10.61,0.799664092664093,0.45,1.5797200318338,0.1,1.522,0,11.9,259,"0.1 - 1.52","Ranunculus confervoides"
"163","Mya arenaria",0,19,7.04245348837209,6.99,4.47248430513691,0,14.245,0,19.9,258,"0 - 14.24","Mya arenaria"
"164","Elodea canadensis",0,3.764,0.745420233463035,0.6,0.656929697457428,0.14,1.9,0,5.3,257,"0.14 - 1.9","Elodea canadensis"
"165","Equisetum fluviatile",0,1.1,0.40114,0.4,0.277575997046838,0.00450000000000001,0.9,0,1.15,250,"0 - 0.9","Equisetum fluviatile"
"166","Eleocharis parvula",0,1.118,0.352148760330579,0.35,0.271032164530476,0,0.8,0,1.5,244,"0 - 0.8","Eleocharis parvula"
"167","Eleocharis uniglumis",0,0.67,0.178829166666667,0.15,0.164747988042817,0,0.501,0,0.72,241,"0 - 0.5","Eleocharis uniglumis"
"168","Rihmamainen epifyyttinen levä",0.1,2.586,0.610376569037657,0.5,0.436964635747633,0.3,1.1,0.05,3.8,239,"0.3 - 1.1","Rihmamainen epifyyttinen levä"
"169","Drepanocladus aduncus",0,5.27356,0.76235864978903,0.5,0.894075823659496,0.13,1.8304,0,6.97,238,"0.13 - 1.83","Drepanocladus aduncus"
"170","Drepanocladus sp.",0.014,3.1,0.934184549356223,0.6,0.732687533556573,0.1236,2.37,0,4,234,"0.12 - 2.37","Drepanocladus sp."
"171","Kiinnittynyt rihmamainen viherlevä",0.05,4.568,1.47145922746781,1,1.2682806442233,0.15,4,0.02,5.1,233,"0.15 - 4","Kiinnittynyt rihmamainen viherlevä"
"172","Ajelehtiva tunnistamaton kasviaines",0,9.36,2.66288209606987,1.8,2.49112415423783,0.15,8,0,9.8,229,"0.15 - 8","Ajelehtiva tunnistamaton kasviaines"
"173","Eudesme virescens",0.125,5.75,1.42628318584071,1,1.35925319017647,0.2,4.175,0,8.4,226,"0.2 - 4.18","Eudesme virescens"
"174","Neogobius melanostomus",0.4,10.816,4.32757142857143,4,2.45151544131393,0.9,8.985,0.2,11.66,224,"0.9 - 8.98","Neogobius melanostomus"
"175","Hippuris vulgaris",0,1.2,0.345559633027523,0.3,0.271123823674571,0.01,1,0,1.7,219,"0.01 - 1","Hippuris vulgaris"
"176","Eleocharis palustris",0,0.971999999999997,0.238990697674419,0.2,0.211840399955366,0,0.6,0,1.326,217,"0 - 0.6","Eleocharis palustris"
"177","Fontinalis dalecarlica",0.157,7.48799999999999,2.78883720930233,2.6,1.77056911662319,0.394,5.86,0.1,7.9,215,"0.39 - 5.86","Fontinalis dalecarlica"
"178","Gobius niger",0.301,19.975,7.30712871287129,6.6,4.28686895601407,1.1,15.19,0.2,23.6,212,"1.1 - 15.19","Gobius niger"
"179","Utricularia sp.",0,2.3,0.562184834123223,0.45,0.601954854308896,0.0255,1.395,0,6.3,212,"0.03 - 1.4","Utricularia sp."
"180","Hydra sp.",0.09696,19.2,8.30809644670051,8.5,4.81648724205675,0.7,16.2,0,19.2,197,"0.7 - 16.2","Hydra sp."
"181","Potamogeton sp.",0.01,3.85599999999999,0.667720207253886,0.5,0.721280678475185,0.068,1.9,0,4.8,193,"0.07 - 1.9","Potamogeton sp."
"182","Hydrozoa",0.35,16.245,4.83151041666667,4.6,3.12817533919864,0.5,10.38,0.3,19.9,192,"0.5 - 10.38","Hydrozoa"
"183","Ruppia cirrhosa",0.2,4.57199999999999,1.62068108108108,1.237,1.06711599901166,0.376,3.7,0,6,187,"0.38 - 3.7","Ruppia cirrhosa"
"184","Schoenoplectus lacustris",0,1.415,0.395225806451613,0.3,0.3196124385846,0.023,1.1,0,1.8,187,"0.02 - 1.1","Schoenoplectus lacustris"
"185","Oxyrrhynchium speciosum",0.1425,4.975,2.12521505376344,2.35,1.32313845039259,0.3,4.3,0.05,6.3,186,"0.3 - 4.3","Oxyrrhynchium speciosum"
"186","Mya arenaria.OLDSCALE",0,19,7.81048648648649,7.83,4.26102894813298,0,14.768,0,19,185,"0 - 14.77","Mya arenaria.OLDSCALE"
"187","Kiinnittynyt kalvomainen.punalevä",1,17,6.27429834254144,6,3.35504711333827,2,12.5,1,17.72,181,"2 - 12.5","Kiinnittynyt kalvomainen.punalevä"
"188","Lithoderma sp.",0.3,12.5,4.65675280898876,3.75,3.34235257070719,0.485,12,0.3,12.5,178,"0.48 - 12","Lithoderma sp."
"189","Dictyosiphon foeniculaceus / Stictyosiphon tortilis",0.065,8.67,1.75903614457831,0.9,1.80843385412524,0.25,5,0,8.9,166,"0.25 - 5","Dictyosiphon foeniculaceus / Stictyosiphon tortilis"
"190","Zannichellia palustris var. repens",0.082,4.28799999999999,0.894363636363636,0.7,0.85823506566553,0.2,2.68,0.02,6.3,165,"0.2 - 2.68","Zannichellia palustris var. repens"
"191","Aglaothamnion roseum",1.008,13.507,7.45243902439024,7.95,2.96278453050054,2.6,12.6,0,14.2,164,"2.6 - 12.6","Aglaothamnion roseum"
"192","Myriophyllum sp..Ceratophyllum.sp.",0.463,6.185,2.29234146341463,2.05,1.37323642368146,0.6,4.87,0.267,10,164,"0.6 - 4.87","Myriophyllum sp..Ceratophyllum.sp."
"193","Ranunculus peltatus subsp. baudotii",0.131,2.3,0.78680981595092,0.6,0.473359031020568,0.2,1.7,0.1,2.4,163,"0.2 - 1.7","Ranunculus peltatus subsp. baudotii"
"194","Chara/Nitella",0,4,0.984088050314465,0.8,0.847817909334278,0.05,2.72,0,4,159,"0.05 - 2.72","Chara/Nitella"
"195","Gastropoda",0,3.68799999999998,0.621383647798742,0.4,0.732080854277222,0.047,2.02,0,4.5,159,"0.05 - 2.02","Gastropoda"
"196","Palaemon elegans",0.1,8.255,1.652,1,1.79663070195147,0.2,5.5,0.1,8.5,150,"0.2 - 5.5","Palaemon elegans"
"197","Caltha palustris",0,0.8,0.189277027027027,0.1,0.224776769714635,0,0.65,0,1.3,149,"0 - 0.65","Caltha palustris"
"198","Myriophyllum alterniflorum",0.096,3.904,0.947348993288591,0.7,0.785233343922533,0.27,2.52,0,4.4,149,"0.27 - 2.52","Myriophyllum alterniflorum"
"199","Typha latifolia",0,1.126,0.358902777777778,0.3,0.241669667612587,0.0575,0.884999999999999,0,1.2,144,"0.06 - 0.88","Typha latifolia"
"200","Carex sp.",0,0.916000000000003,0.213146853146853,0.1,0.28013437314024,0,0.6,0,2.421,143,"0 - 0.6","Carex sp."
"201","Ulothrix zonata",0,10.325,1.70708088235294,0.7,2.45896552189209,0.1,8.25,0,11.5,139,"0.1 - 8.25","Ulothrix zonata"
"202","Nymphaeaceae",0.05,2.928,1.11430656934307,1.1,0.650595649725558,0.3,2.22,0,3.9,137,"0.3 - 2.22","Nymphaeaceae"
"203","Gymnocephalus cernuus",2.668,31.948,14.6040983606557,14,6.24115105855481,4.81,23.95,1.1,45.4,127,"4.81 - 23.95","Gymnocephalus cernuus"
"204","Agrostis stolonifera",0,1.86,0.185289256198347,0.1,0.330656101259716,0,0.6,0,2.3,123,"0 - 0.6","Agrostis stolonifera"
"205","Bakteerikasvusto",0.05,8.16399999999999,2.8994262295082,2.4,2.12418552176512,0.1,6.695,0.03,9.5,122,"0.1 - 6.69","Bakteerikasvusto"
"206","Lysimachia thyrsiflora",0,0.9,0.242553719008264,0.15,0.249712800046147,0,0.8,0,1.05,122,"0 - 0.8","Lysimachia thyrsiflora"
"207","Siimaeläinkolonia .kumipallo.",0.2,3,0.74327731092437,0.6,0.574564107800312,0.3,2.04,0.1,3,120,"0.3 - 2.04","Siimaeläinkolonia .kumipallo."
"208","Ranunculus reptans",0,1.8,0.310168067226891,0.267,0.338211755935556,0,0.7037,0,2.3,119,"0 - 0.7","Ranunculus reptans"
"209","Glaux maritima",0,0.6745,0.105762711864407,0.05,0.196548885981623,0,0.3,0,1.8,118,"0 - 0.3","Glaux maritima"
"210","Eleocharis palustris.var..lindbergii",0,4.34400000000001,0.28991452991453,0.2,0.643471854174406,0,0.5,0,5,117,"0 - 0.5","Eleocharis palustris.var..lindbergii"
"211","Dictyosiphon sp.",0.3,5.944,1.99304347826087,1.2,1.57407570980507,0.485,5.1,0.15,8,115,"0.48 - 5.1","Dictyosiphon sp."
"212","Kiinnittynyt kalvomainen.ruskolevä",1.112,14,7.20610619469027,7.3,3.47976021177884,1.7,12.332,0.3,14.8,113,"1.7 - 12.33","Kiinnittynyt kalvomainen.ruskolevä"
"213","Galium palustre",0,0.984,0.137651376146789,0.1,0.198618067142219,0,0.515,0,1.1,110,"0 - 0.51","Galium palustre"
"214","Coccotylus truncatus/ Phyllophora pseudoceranoides",1.908,15.052,7.63302752293578,7.4,2.86653924283568,3.18,13.68,1.8,15.1,109,"3.18 - 13.68","Coccotylus truncatus/ Phyllophora pseudoceranoides"
"215","Potamogeton friesii",0.052,1.3,0.536409523809524,0.5,0.298148023872697,0.15,1.14,0,1.3,109,"0.15 - 1.14","Potamogeton friesii"
"216","Juncus sp.",0,1.785,0.216903846153846,0.125,0.325459720241425,0,0.597,0,2,106,"0 - 0.6","Juncus sp."
"217","Triglochin maritima",0,0.597,0.150537735849057,0.1005,0.163469418985314,0,0.5,0,0.7,106,"0 - 0.5","Triglochin maritima"
"218","Zygnema sp.",0.03712,6.6,0.775914285714286,0.44,1.18136106408509,0.0528,2.072,0,6.6,105,"0.05 - 2.07","Zygnema sp."
"219","Lemna minor",0,1.7,0.464990196078431,0.35,0.418700571076471,0.05,1.5,0,1.7,102,"0.05 - 1.5","Lemna minor"
"220","Tokko",0.17,23.76,8.01432673267327,6.37,6.55796548345432,0.21,21.86,0.13,23.86,101,"0.21 - 21.86","Tokko"
"221","Zannichellia palustris var. pedicellata",0.195,6.81,2.2046875,1.8,1.83045979448075,0.275,5.725,0.1,7,96,"0.27 - 5.73","Zannichellia palustris var. pedicellata"
"222","Batrachospermum sp.",0.291,6.06,1.66705263157895,1.3,1.34544058565991,0.4,4.56,0.15,7,95,"0.4 - 4.56","Batrachospermum sp."
"223","Gobiidae",0.288,11.65,4.11473684210526,4.1,3.00329494307795,0.5,9.26999999999999,0.1,14,95,"0.5 - 9.27","Gobiidae"
"224","Halosiphon tomentosus",0.594,30.06,8.51684210526316,5,9.42896908504418,0.7,28.3,0.5,31,95,"0.7 - 28.3","Halosiphon tomentosus"
"225","Cicuta virosa",0,0.64219999999999,0.2,0.15,0.239461762049541,0,0.5,0,2,94,"0 - 0.5","Cicuta virosa"
"226","Isoëtes sp.",0,2.56999999999999,0.637308510638298,0.5275,0.535196879191838,0.0825,1.5,0,3.5,94,"0.08 - 1.5","Isoëtes sp."
"227","Nitellopsis obtusa",0.2,2.616,1.28387096774194,1.3,0.566173333917512,0.5,2.3,0.2,2.8,94,"0.5 - 2.3","Nitellopsis obtusa"
"228","Pisces",0.01895,5.65599999999999,1.31494680851064,0.6,1.42793867799286,0.05,3.97,0.005,6.4,94,"0.05 - 3.97","Pisces"
"229","Isoetes echinospora",0,1.8,0.590763440860215,0.5,0.476270004666002,0.05,1.7,0,1.8,93,"0.05 - 1.7","Isoetes echinospora"
"230","Fontinalis hypnoides",0.1137,6.5,1.66491304347826,1.4,1.43279002895775,0.2055,4.7,0.05,6.5,92,"0.21 - 4.7","Fontinalis hypnoides"
"231","Trichoptera",0.09,9.09999999999999,1.34521978021978,0.48,2.18451819148702,0.1,6.1,0,10,91,"0.1 - 6.1","Trichoptera"
"232","Polychaeta feces",1.88,14.56,8.0247191011236,8,2.84793708828611,4.04,12,1,15,89,"4.04 - 12","Polychaeta feces"
"233","Rivularia atra",0.1935,4.13399999999999,1.33068181818182,1.1,0.989381317718062,0.2,2.93,0.15,5.7,88,"0.2 - 2.93","Rivularia atra"
"234","Aurelia aurita",0.19,9.43199999999998,3.69590361445783,3.2,2.52752025209352,0.31,8.67,0.19,11.4,83,"0.31 - 8.67","Aurelia aurita"
"235","Sagittaria sagittifolia",0.1928,2.01999999999999,0.551626506024096,0.4,0.445455281236563,0.2,1.49,0.16,2.84,83,"0.2 - 1.49","Sagittaria sagittifolia"
"236","Acrosiphonia arcta",0.1539,6.457,1.75170731707317,1.15,1.55392518122163,0.2025,4.095,0,6.7,82,"0.2 - 4.1","Acrosiphonia arcta"
"237","Eleocharis mamillata",0,0.6285,0.268719512195122,0.3,0.157789301174672,0.0215,0.5,0,0.75,82,"0.02 - 0.5","Eleocharis mamillata"
"238","Utricularia vulgaris",0,1.6,0.615320987654321,0.5,0.397325113325363,0.1,1.5,0,1.6,81,"0.1 - 1.5","Utricularia vulgaris"
"239","Tolypella sp.",0.3,6.544,2.67417721518987,2.5,1.66146337073518,0.49,5.39999999999999,0.3,6.7,80,"0.49 - 5.4","Tolypella sp."
"240","Monostroma grevillei",0.378,7.754,3.54556962025316,3.1,1.95026608758871,0.68,7.11,0.3,8.3,79,"0.68 - 7.11","Monostroma grevillei"
"241","Crassula aquatica",0,0.8,0.248289473684211,0.2,0.223770049577059,0,0.65,0,0.8,76,"0 - 0.65","Crassula aquatica"
"242","Siimaeläinkolonia",0.1865,1.227,0.548648648648649,0.5,0.233785549340289,0.265,1.035,0.15,1.3,74,"0.26 - 1.03","Siimaeläinkolonia"
"243","Kiinnittynyt .kalvomainen.viherlevä",0.09864,5.556,1.90886301369863,1.5,1.69275681060896,0.137,4.72,0,5.7,73,"0.14 - 4.72","Kiinnittynyt .kalvomainen.viherlevä"
"244","Unio spp.",0,3.058,1.55972222222222,1.6,0.765756501992825,0.355,2.545,0,3.2,72,"0.36 - 2.55","Unio spp."
"245","Mytilus ..Mytilopsis...Dreissena",0.58,20.275,10.0003428571429,9.965,5.61446975024334,1.13165,17.775,0.58,22,70,"1.13 - 17.77","Mytilus ..Mytilopsis...Dreissena"
"246","Potamogeton gramineus.x.perfoliatus",0.114,5.6,1.50780303030303,1,1.24834758744013,0.2,3.98775,0.114,5.6,68,"0.2 - 3.99","Potamogeton gramineus.x.perfoliatus"
"247","Rhizoclonium sp.",0.0065,7.32499999999999,1.62333333333333,0.735,1.82764020473088,0.2,5.35,0,8.3,67,"0.2 - 5.35","Rhizoclonium sp."
"248","Kiinnittynyt kalvomainen ruskolevä",0.3,7.936,4.08153846153846,4,1.80389269252743,0.5,7.68,0.3,8,65,"0.5 - 7.68","Kiinnittynyt kalvomainen ruskolevä"
"249","Sinileväpallo .vihreäkuula.",0.0263,2.1,0.95303125,0.95,0.481821905079341,0.23,1.66055,0.02,2.1,64,"0.23 - 1.66","Sinileväpallo .vihreäkuula."
"250","Bolboschoenus maritimus",0,1.3558,0.365666666666667,0.32,0.277185409811609,0,0.714999999999999,0,1.58,63,"0 - 0.71","Bolboschoenus maritimus"
"251","Butomus umbellatus",0,2.804,0.733333333333333,0.5,0.615393920525183,0.3,2.09,0,3.3,63,"0.3 - 2.09","Butomus umbellatus"
"252","Chara aspera.var..subinermis",0,3.3844,0.598490909090909,0.351,0.749140516728814,0.014,2.1857,0,3.703,61,"0.01 - 2.19","Chara aspera.var..subinermis"
"253","Kiinnittynyt kalvomainen viherlevä",0.1,5.22,1.89508196721311,1.5,1.48092608745431,0.3,4.6,0.1,5.4,61,"0.3 - 4.6","Kiinnittynyt kalvomainen viherlevä"
"254","Potamogeton obstusifolia",0.3,4.3,1.26983606557377,0.7,1.18193977822233,0.4,4.1,0.3,4.3,61,"0.4 - 4.1","Potamogeton obstusifolia"
"255","Rhithropanopeus harrisii",0.42,14.2,4.93408196721311,4.7,3.28852973883001,0.7,12,0.3,14.5,61,"0.7 - 12","Rhithropanopeus harrisii"
"256","Kiinnittynyt tunnistamaton rihmalevä > 5 cm",0.059,5.80599999999998,0.754166666666667,0.5,1.29828086024958,0.1475,2.61,0,9.7,60,"0.15 - 2.61","Kiinnittynyt tunnistamaton rihmalevä > 5 cm"
"257","Audouinella sp.",0.916,6.246,3.30169491525424,3.2,1.06000838081003,1.81,4.71,0.8,7,59,"1.81 - 4.71","Audouinella sp."
"258","Persicaria foliosa",0,0.9,0.393050847457627,0.4,0.250704209813547,0.018,0.805,0,0.9,59,"0.02 - 0.8","Persicaria foliosa"
"259","Ulothrix sp.",0.04,9.01,1.38674576271186,0.7,1.85678097043782,0.1,4.21999999999999,0.04,9.3,59,"0.1 - 4.22","Ulothrix sp."
"260","Monostroma balticum",0,5.488,2.32912280701754,2.7,1.52555292166217,0,5,0,5.6,57,"0 - 5","Monostroma balticum"
"261","Potamogeton alpinus",0,2.04399999999999,0.413280701754386,0.3,0.467746029775697,0.008,0.76,0,3.5,57,"0.01 - 0.76","Potamogeton alpinus"
"262","Sulfaattibakteerit",0,18.992,3.88982456140351,3.5,3.78682277831772,0.104,8.79999999999999,0,20,57,"0.1 - 8.8","Sulfaattibakteerit"
"263","Nitella wahlbergiana",0.05,1.73,0.589272727272727,0.5,0.395342582548045,0.094,1.43,0.05,2,55,"0.09 - 1.43","Nitella wahlbergiana"
"264","Platichthys flesus",1,25.764,8.81641509433962,7.9,6.07613620091547,1.36,20.4,1,28,55,"1.36 - 20.4","Platichthys flesus"
"265","Syngnathus typhle",0.21,11,3.3438,3,2.57197207748197,0.6,7.935,0.21,11,55,"0.6 - 7.93","Syngnathus typhle"
"266","Rutilus rutilus",0.16,16.275,3.56428,1.05,4.80386141892591,0.227,13.94,0.16,17.5,53,"0.23 - 13.94","Rutilus rutilus"
"267","Spongomorpha aeruginosa",0.026,3.144,0.794528301886792,0.58,0.720177771957772,0.08,2.13,0,3.3,53,"0.08 - 2.13","Spongomorpha aeruginosa"
"268","Isoetes lacustris",0.0255,2.24775,0.490865384615385,0.428,0.442225611342559,0.075,0.920399999999998,0,3,52,"0.07 - 0.92","Isoetes lacustris"
"269","Hippuris tetraphylla",0,5,0.3026,0.05,0.97753085446372,0,0.472,0,5,50,"0 - 0.47","Hippuris tetraphylla"
"270","Tunnistamaton rihmamainen.sinilevä",0,2.1204,0.68354,0.554,0.571205964140246,0,2.01,0,2.14,50,"0 - 2.01","Tunnistamaton rihmamainen.sinilevä"
"271","Typha angustifolia",0.0528,1.084,0.428666666666667,0.4,0.22260441880773,0.2,0.899999999999999,0,1.15,50,"0.2 - 0.9","Typha angustifolia"
"272","Callitriche cophocarpa",0,1.056,0.352244897959184,0.3,0.296978291196809,0.00560000000000001,0.9,0,1.2,49,"0.01 - 0.9","Callitriche cophocarpa"
"273","Chaetomorpha sp.",1.04,10.3,6.80408163265306,7.6,2.9313648118008,1.3,10.3,0.8,10.3,49,"1.3 - 10.3","Chaetomorpha sp."
"274","Chara virgata",0.198,3.1,0.931020408163265,0.7,0.806278087102395,0.288,3,0.15,3.1,49,"0.29 - 3","Chara virgata"
"275","Hydrobia sp..OLDSCALE",1.192,13.52,6.47142857142857,6,2.94788059459674,2.7,11.8,1,14,49,"2.7 - 11.8","Hydrobia sp..OLDSCALE"
"276","Lythrum salicaria",0,0.526,0.157755102040816,0.1,0.15152372347428,0,0.43,0,0.55,49,"0 - 0.43","Lythrum salicaria"
"277","Sagittaria sp.",0.1144,3.93599999999999,0.593673469387755,0.5,0.776594311394177,0.138,1.68,0.1,4.8,49,"0.14 - 1.68","Sagittaria sp."
"278","Spirogyra sp.",0.0144,5.6,2.04959183673469,1.7,1.85191562890933,0.1,5.56,0,5.6,49,"0.1 - 5.56","Spirogyra sp."
"279","Bacillariophyta",0.0238,3.524,0.590425531914894,0.3,0.790750764468719,0.086,2.19,0.01,3.8,47,"0.09 - 2.19","Bacillariophyta"
"280","Ceramium virgatum..rubrum.",0.78,8.4,5.55872340425532,6,2.03552537499939,1.2,8.4,0.78,8.4,47,"1.2 - 8.4","Ceramium virgatum..rubrum."
"281","Pomatoschistus sp.",0.238,10.386,5.0936170212766,5.7,3.3094334373463,0.5,9.8,0.1,10.8,47,"0.5 - 9.8","Pomatoschistus sp."
"282","Worm pipes",1.4202,9.16,5.48063829787234,5.86,1.6982156930851,2.97,7.16,0.1,9.16,47,"2.97 - 7.16","Worm pipes"
"283","Pot pect/Pot fili/Ruppia sp./Zannichellia sp.",0.05,4.868,1.19,0.5,1.400673539279,0.06,3.9,0.05,5,45,"0.06 - 3.9","Pot pect/Pot fili/Ruppia sp./Zannichellia sp."
"284","Nitella flexilis",0.4215,3.957,1.41659090909091,1.05,0.922594781623126,0.5575,3.255,0.4,4,44,"0.56 - 3.26","Nitella flexilis"
"285","Siimaeläinkolonia (kumipallo)",0.15,1.114,0.495,0.45,0.236756179163487,0.1575,0.9,0.15,1.2,44,"0.16 - 0.9","Siimaeläinkolonia (kumipallo)"
"286","Alburnus alburnus",0,12.043,1.235275,0.6,2.50422685737637,0.152,2.97499999999998,0,14.5,42,"0.15 - 2.97","Alburnus alburnus"
"287","Palaemon adspersus",0.26,23.36,5.26829268292683,3.1,5.80316461184715,0.5,13.9,0.1,29.6,42,"0.5 - 13.9","Palaemon adspersus"
"288","Phalaris arundinacea",0,1.18,0.263048780487805,0.2,0.290776714268828,0,0.7,0,1.5,42,"0 - 0.7","Phalaris arundinacea"
"289","Deschampsia bottnica",0,0.62,0.118780487804878,0.05,0.146546837597255,0,0.4,0,0.7,41,"0 - 0.4","Deschampsia bottnica"
"290","Ruppia maritima.var..brevirostris",0.15,1.013,0.372820512820513,0.337,0.197916366147936,0.15,0.7313,0.15,1.013,41,"0.15 - 0.73","Ruppia maritima.var..brevirostris"
"291","Sagittaria natans",0.1,1.126,0.395024390243902,0.4,0.238419848985448,0.1,0.8,0.1,1.126,41,"0.1 - 0.8","Sagittaria natans"
"292","Sphacelaria radicans",0.3289,10.9,5.18025,5.3,2.70704919063412,0.64,10.9,0.13,10.9,41,"0.64 - 10.9","Sphacelaria radicans"
"293","Idotea sp.",0,4.183,1.385525,1,1.13565839906152,0.323,3.62,0,4.3,40,"0.32 - 3.62","Idotea sp."
"294","Chaetomorpha linum",0.1776,4.25901999999999,1.15312820512821,1.06,0.895331846138543,0.2593,2.02,0.17,5.521,39,"0.26 - 2.02","Chaetomorpha linum"
"295","Kiinnittynyt rihmamainen punalevä",0.338,11.816,3.6,3.3,2.72821514817597,0.4,7.24,0.3,14.4,39,"0.4 - 7.24","Kiinnittynyt rihmamainen punalevä"
"296","Lymnaea sp..OLDSCALE",0.4,9.23999999999999,4.24871794871795,4,2.51195790641817,0.58,8,0.4,10,39,"0.58 - 8","Lymnaea sp..OLDSCALE"
"297","Spongilla lacustris",0.3,4,1.58792307692308,1.3,1.10254433935462,0.345,3.46,0.3,4,39,"0.35 - 3.46","Spongilla lacustris"
"298","Agrostis sp.",0,0.7,0.187567567567568,0.1,0.198191902029397,0,0.62,0,0.7,37,"0 - 0.62","Agrostis sp."
"299","Mougeotia sp.",0.118,4.7,1.11081081081081,0.5,1.26354522932365,0.27,4.06,0.1,4.7,37,"0.27 - 4.06","Mougeotia sp."
"300","Chironomidae",0.27,10.745,2.58111111111111,2.55,2.36500773514625,0.4,4.25,0.2,14,36,"0.4 - 4.25","Chironomidae"
"301","Leathesia difformis",0.362,3.349,1.124375,1.08,0.63726703523213,0.511,1.68,0.3,4,36,"0.51 - 1.68","Leathesia difformis"
"302","Bithynia tentaculata",0.3,5.5904,1.07028571428571,0.5,1.37202616531877,0.3,4.53,0.3,5.74,35,"0.3 - 4.53","Bithynia tentaculata"
"303","Gammarus sp.",0,6.6644,1.91264705882353,1.63,1.72703513470521,0.1235,5.2275,0,7.1,35,"0.12 - 5.23","Gammarus sp."
"304","Bivalvia",0.35,7.472,2.53939393939394,2,1.83229524673621,0.44,6.96,0.35,7.6,34,"0.44 - 6.96","Bivalvia"
"305","Rhodocorton spp.",0.0665,8.35000000000001,2.08029411764706,0.9,2.26594349242726,0.1,4.935,0.05,10,34,"0.1 - 4.93","Rhodocorton spp."
"306","Drepanocladus sordidus",0.064,1.2,0.636363636363636,0.6,0.279864009183681,0.23,1.08,0,1.2,33,"0.23 - 1.08","Drepanocladus sordidus"
"307","Pedicularis palustris",0,0.368,0.0914848484848485,0.05,0.100442185239856,0,0.27,0,0.4,33,"0 - 0.27","Pedicularis palustris"
"308","Chironomidae toukat",0.4496,6.288,3.12534482758621,3.2,1.47486486731744,0.7888,5.84,0.43,6.4,32,"0.79 - 5.84","Chironomidae toukat"
"309","Rhodophyta",0.1527,12.5957,5.56259375,5.7,3.36193141358314,0.6165,10.7865,0.1,13.07,32,"0.62 - 10.79","Rhodophyta"
"310","Clupea harengus.membras",7.288,51.256,26.348,21,13.6035571328483,8.66,46.68,7,52.6,31,"8.66 - 46.68","Clupea harengus.membras"
"311","Hydra sp..OLDSCALE",4.25,12.75,8.02903225806452,7.5,1.94476966046318,6.25,12.4,3.5,12.9,31,"6.25 - 12.4","Hydra sp..OLDSCALE"
"312","Kiinnittynyt kalvomainen punalevä",0.23,10.59,4.43870967741935,4,3.67783246123355,0.35,9.95,0.2,10.8,31,"0.35 - 9.95","Kiinnittynyt kalvomainen punalevä"
"313","Carex acuta",0,0.8,0.2763,0.2,0.218626772187766,0,0.709999999999999,0,0.8,30,"0 - 0.71","Carex acuta"
"314","Esox lucius",0.1645,2.568,1.06646666666667,1.14,0.585590284763328,0.245,1.77815,0.15,2.8,30,"0.24 - 1.78","Esox lucius"
"315","Hydrocharis morsus-ranae",0.1145,0.8065,0.435,0.4,0.153774353271727,0.1725,0.655,0.1,0.85,30,"0.17 - 0.65","Hydrocharis morsus-ranae"
"316","Warnstorfia fluitans",0.0435,2.342,1.04166666666667,1,0.510591835998683,0.3075,2.02,0,2.4,30,"0.31 - 2.02","Warnstorfia fluitans"
"317","Mytilus / Mytilopsis / Dreissena",0.428,11.444,5.72068965517241,5.8,3.55008846070316,0.66,11.18,0.4,11.5,29,"0.66 - 11.18","Mytilus / Mytilopsis / Dreissena"
"318","Phoxinus phoxinus",0.05,6.45,1.03219230769231,0.55,1.4955513236056,0.2,2.75,0,7.6,28,"0.2 - 2.75","Phoxinus phoxinus"
"319","Ceratophyllum sp.",0.293,7.6024,1.9802962962963,0.967,2.02966143093288,0.367,5.78,0.267,8.19,27,"0.37 - 5.78","Ceratophyllum sp."
"320","Leathesia marina",0.5,1.918,0.914814814814815,0.9,0.339347454914127,0.5,1.31,0.5,2.1,27,"0.5 - 1.31","Leathesia marina"
"321","Typha sp.",0,1,0.431481481481481,0.4,0.276901866867387,0.03,0.994,0,1,27,"0.03 - 0.99","Typha sp."
"322","Calamagrostis sp.",0,0.4,0.153846153846154,0.1,0.143724094655751,0,0.4,0,0.4,26,"0 - 0.4","Calamagrostis sp."
"323","Cottus sp.",0.386,24.702,7.80434782608696,5,7.61890461351771,1.42,23.85,0.1,24.9,26,"1.42 - 23.85","Cottus sp."
"324","Hygrohyphum luridium",1,4.7,1.96923076923077,1.4,1.11813030752922,1,4.375,1,4.7,26,"1 - 4.38","Hygrohyphum luridium"
"325","Carex nigra",0,0.576,0.13908,0.057,0.173813578295828,0,0.5,0,0.6,25,"0 - 0.5","Carex nigra"
"326","Juncus gerardii",0,0.819799999999999,0.1576,0.08,0.222617571932975,0,0.55,0,0.905,25,"0 - 0.55","Juncus gerardii"
"327","Myosotis sp.",0,0.727999999999999,0.23,0.2,0.179118210501706,0,0.48,0,0.8,25,"0 - 0.48","Myosotis sp."
"328","Poa sp.",0,0.388,0.0974,0.05,0.117925824143824,0,0.34,0,0.4,25,"0 - 0.34","Poa sp."
"329","Potamogeton praelongus",0.15,4.972,1.808,2,1.22460197615388,0.18,3.22,0.15,5.5,25,"0.18 - 3.22","Potamogeton praelongus"
"330","Carex aquatilis",0,0.954,0.257916666666667,0.2,0.259765432092388,0,0.754999999999999,0,1,24,"0 - 0.75","Carex aquatilis"
"331","Coccotyllus ..Phyllophora...Furcellaria",0.73,9,5.87416666666667,6.1,2.35023017682481,1.6395,8.895,0.5,9,24,"1.64 - 8.89","Coccotyllus ..Phyllophora...Furcellaria"
"332","Dictyosiphon chordaria",0.18999,2.231,1.00654166666667,0.98,0.596688031457024,0.2,1.94,0.187,2.3,24,"0.2 - 1.94","Dictyosiphon chordaria"
"333","Mytilopsis leucophaeata",0.9,5.8,2.72380952380952,2.8,1.44149393405063,0.9,5,0.9,6,24,"0.9 - 5","Mytilopsis leucophaeata"
"334","Nitella hyalina",0.3,1.77,0.583333333333333,0.5,0.360756049895538,0.3,0.97,0.3,2,24,"0.3 - 0.97","Nitella hyalina"
"335","Osmerus eperlanus",20.84,79,40.8181818181818,36,17.2699473725626,24,78.05,20,79,24,"24 - 78.05","Osmerus eperlanus"
"336","Ranunculus peltanus.spp..Peltatus",0.25,1.6626,0.815190476190476,0.937,0.479744684081816,0.25,1.513,0.25,1.7,24,"0.25 - 1.51","Ranunculus peltanus.spp..Peltatus"
"337","Sinileväkuula .esim..Aphanotece.stagnina.",0.2044,3.67,0.942608695652174,0.6,1.09527587803798,0.238,3.67,0.2,3.67,24,"0.24 - 3.67","Sinileväkuula .esim..Aphanotece.stagnina."
"338","Juncus bufonius",0,0.8578,0.394826086956522,0.3,0.313760280841907,0.002,0.841,0,0.86,23,"0 - 0.84","Juncus bufonius"
"339","Pholis gunnellus",0.2,36.78,16.4695652173913,16.7,9.91369277049809,0.68,35.2,0.2,37,23,"0.68 - 35.2","Pholis gunnellus"
"340","Nymphaea candida",0.1705,1.3027,0.683,0.68,0.33156756116823,0.215,1.194,0.16,1.33,22,"0.21 - 1.19","Nymphaea candida"
"341","Calla palustris",0.084,0.68,0.36952380952381,0.35,0.19252210757407,0.1,0.6,0.08,0.7,21,"0.1 - 0.6","Calla palustris"
"342","Piilevät",0.18,2.38,0.889,0.62,0.770699613816461,0.18,2.38,0.18,2.38,21,"0.18 - 2.38","Piilevät"
"343","Potentilla palustris",0,0.4,0.163095238095238,0.1,0.132367633793879,0,0.4,0,0.4,21,"0 - 0.4","Potentilla palustris"
"344","Stratiotes aloides",0.15,1.24,0.502380952380952,0.4,0.321121546488316,0.15,1,0.15,1.3,21,"0.15 - 1","Stratiotes aloides"
"345","Chara braunii",0.019,1.81,0.594,0.55,0.42443026827923,0.095,1.05,0,2,20,"0.1 - 1.05","Chara braunii"
"346","Potamogeton obtusifolius",0.219,2.572,0.725,0.425,0.631726956341441,0.295,1.66,0.2,2.8,20,"0.3 - 1.66","Potamogeton obtusifolius"
"347","Ceratophyllum submersum",0.4,0.7,0.547222222222222,0.5,0.0915105622676199,0.4,0.7,0.4,0.7,19,"0.4 - 0.7","Ceratophyllum submersum"
"348","Filipendula ulmaria",0,0.291,0.068421052631579,0.05,0.0900779389624302,0,0.255,0,0.3,19,"0 - 0.25","Filipendula ulmaria"
"349","Peucedanum palustre",0,0.3,0.113157894736842,0.1,0.107809123071955,0,0.3,0,0.3,19,"0 - 0.3","Peucedanum palustre"
"350","Scytosiphon lomentaria",0.218,1.5,0.794736842105263,0.7,0.446559295814523,0.29,1.5,0.2,1.5,19,"0.29 - 1.5","Scytosiphon lomentaria"
"351","Sinileväpallo (vihreäkuula)",0.2,2.328,0.626315789473684,0.4,0.596137666113344,0.2,2.04,0.2,2.4,19,"0.2 - 2.04","Sinileväpallo (vihreäkuula)"
"352","Tunnistamaton rihmamainen sinilevä",0.2,2.474,0.978947368421053,0.5,0.789218282274317,0.2,1.97,0.2,2.6,19,"0.2 - 1.97","Tunnistamaton rihmamainen sinilevä"
"353","Unionidae",0.517,2.2,1.25555555555556,1.2,0.499673095747989,0.585,2.2,0.5,2.2,19,"0.58 - 2.2","Unionidae"
"354","Carex rostrata",0.017,1.983,0.55,0.3,0.66774422718671,0.085,1.915,0,2,18,"0.09 - 1.91","Carex rostrata"
"355","Crangon crangon",1.28751,19.15,7.89205555555556,7.4,4.97079194154652,1.28955,15.75,1.287,20,18,"1.29 - 15.75","Crangon crangon"
"356","Potamogeton gramineus x perfoliatus",0.1085,4.662,1.31944444444444,0.85,1.3564810539308,0.1425,3.71,0.1,4.9,18,"0.14 - 3.71","Potamogeton gramineus x perfoliatus"
"357","Drepanocladus sordidius",0.1556,1.184,0.717058823529412,0.7,0.266593433571664,0.418,1.12,0.09,1.2,17,"0.42 - 1.12","Drepanocladus sordidius"
"358","Fissidens osmundoides",0.376,3.284,2.41764705882353,2.9,0.900163383862651,1.08,3.22,0.2,3.3,17,"1.08 - 3.22","Fissidens osmundoides"
"359","Nitella flexilis.vel.opaca",0.0728,3.084,1.28647058823529,0.65,1.08837000358604,0.284,3.02,0.02,3.1,17,"0.28 - 3.02","Nitella flexilis.vel.opaca"
"360","Persicaria hydropiper",0.0016,2.344,0.571176470588235,0.4,0.598120831782145,0.008,1.32,0,2.6,17,"0.01 - 1.32","Persicaria hydropiper"
"361","Piscicola geometra",0.4508,21.38,6.47925,6.5,5.81661697208953,0.542,16.1,0.428,22.7,17,"0.54 - 16.1","Piscicola geometra"
"362","Theodoxus fluviatilis.OLDSCALE",0.16,8.84,3.02941176470588,2,2.54675398936626,0.8,8.2,0,9,17,"0.8 - 8.2","Theodoxus fluviatilis.OLDSCALE"
"363","Hippuris sp.",0,0.76,0.2156875,0.1305,0.238294416985935,0,0.64,0,0.79,16,"0 - 0.64","Hippuris sp."
"364","Kiinnittynyt rihmamainen ruskolevä",0.115,8.955,2.278125,1.1,2.79039834372562,0.175,8.775,0.1,9,16,"0.18 - 8.77","Kiinnittynyt rihmamainen ruskolevä"
"365","Nitella opaca",0.315,2.155,1.19325,1.225,0.548673855764971,0.375,1.975,0.3,2.2,16,"0.38 - 1.97","Nitella opaca"
"366","Rumex sp.",0,0.7475,0.18825,0.1055,0.228379070844944,0,0.5375,0,0.8,16,"0 - 0.54","Rumex sp."
"367","Viviparus contectus",0,2.186,0.766666666666667,0,0.913913614756939,0,2.13,0,2.2,16,"0 - 2.13","Viviparus contectus"
"368","Pomatoschistus minutus",0.814,11.958,4.75333333333333,5,3.37466753212534,0.87,11.79,0.8,12,15,"0.87 - 11.79","Pomatoschistus minutus"
"369","Warnstorfia trichophylla",0,0.6569,0.159,0.1,0.18417964832506,0,0.4245,0,0.715,15,"0 - 0.42","Warnstorfia trichophylla"
"370","Cottus gobio",0.7,10.393,3.38333333333333,2.5,2.96489562389742,0.7,8.765,0.7,10.8,14,"0.7 - 8.76","Cottus gobio"
"371","Galium sp.",0.0065,0.987,0.346428571428571,0.175,0.337105487778099,0.0325,0.935,0,1,14,"0.03 - 0.93","Galium sp."
"372","Lymnaea stagnalis",0.05,7.479,1.23285714285714,0.3,2.4140244998165,0.05,6.595,0.05,7.7,14,"0.05 - 6.59","Lymnaea stagnalis"
"373","Myosotis scorpioides",0,0.7,0.25,0.175,0.255764314585488,0,0.7,0,0.7,14,"0 - 0.7","Myosotis scorpioides"
"374","Sinileväpallo",0.05,1.735,0.535714285714286,0.4,0.503231316833281,0.05,1.475,0.05,1.8,14,"0.05 - 1.47","Sinileväpallo"
"375","Elatine triandra",0.05,0.788,0.433076923076923,0.48,0.252434302191832,0.05,0.74,0.05,0.8,13,"0.05 - 0.74","Elatine triandra"
"376","Hippuris x.lanceolata",0.00600000000000001,0.394,0.214285714285714,0.2,0.13451854182691,0.03,0.37,0,0.4,13,"0.03 - 0.37","Hippuris x.lanceolata"
"377","Hydracarina",0.106,0.788,0.453846153846154,0.5,0.220285362713098,0.13,0.74,0.1,0.8,13,"0.13 - 0.74","Hydracarina"
"378","Myoxocephalus scorpius",8.24,28.76,18.4615384615385,15,7.68781920329583,9.2,27.8,8,29,13,"9.2 - 27.8","Myoxocephalus scorpius"
"379","Najas sp.",0.36,1.7,1.22307692307692,1.4,0.465750015483711,0.6,1.7,0.3,1.7,13,"0.6 - 1.7","Najas sp."
"380","Nymphaea alba subsp. candida",0.024,1.728,0.784615384615385,0.9,0.489636180999311,0.12,1.44,0,1.8,13,"0.12 - 1.44","Nymphaea alba subsp. candida"
"381","Triglochin palustris",0,0.84,0.172692307692308,0.05,0.261140251147215,0,0.599999999999999,0,0.9,13,"0 - 0.6","Triglochin palustris"
"382","Utricularia minor",0.00600000000000001,1.316,0.426923076923077,0.4,0.371576250931636,0.03,0.979999999999999,0,1.4,13,"0.03 - 0.98","Utricularia minor"
"383","Parnassia palustris",0,1.126,0.225166666666667,0,0.429571844627845,0,1.126,0,1.126,12,"0 - 1.13","Parnassia palustris"
"384","Salix sp.",0,0.3758,0.0691666666666667,0,0.123395766343563,0,0.279,0,0.4,12,"0 - 0.28","Salix sp."
"385","Utricularia intermedia",0.0555,0.789,0.4,0.4,0.277160931262294,0.0775,0.745,0.05,0.8,12,"0.08 - 0.74","Utricularia intermedia"
"386","Argentina anserina",0,0.625,0.155454545454545,0,0.26023503362782,0,0.625,0,0.625,11,"0 - 0.62","Argentina anserina"
"387","Chara virgata.globularis",0.4,1.49,0.832727272727273,0.8,0.408487231357136,0.4,1.49,0.4,1.49,11,"0.4 - 1.49","Chara virgata.globularis"
"388","Gasterosteiformes",0.31,9.66,2.75509090909091,0.8,3.13046694454822,0.35,8.3,0.3,10,11,"0.35 - 8.3","Gasterosteiformes"
"389","Isoëtes lacustris",0.065,0.49,0.290909090909091,0.3,0.115797629116882,0.125,0.45,0.05,0.5,11,"0.12 - 0.45","Isoëtes lacustris"
"390","Najas tenuissima",0,0.27,0.0272727272727273,0,0.0904534033733291,0,0.15,0,0.3,11,"0 - 0.15","Najas tenuissima"
"391","Ranunculus peltatus subsp. peltatus",0.165,0.88,0.445454545454545,0.35,0.212667046641629,0.225,0.8,0.15,0.9,11,"0.22 - 0.8","Ranunculus peltatus subsp. peltatus"
"392","Utricularia australis",0.11,1.305,0.543636363636364,0.3,0.415891157089754,0.15,1.205,0.1,1.33,11,"0.15 - 1.21","Utricularia australis"
"393","Abramis brama",0.6,14.965,6.42,3.14,6.57981328436779,0.6,14.825,0.6,15,10,"0.6 - 14.83","Abramis brama"
"394","Batrachospermum atrum",1.1,4.228,2.18,1.8,1.1735984548956,1.1,3.94,1.1,4.3,10,"1.1 - 3.94","Batrachospermum atrum"
"395","Chara horrida",0.618,1.291,0.93,0.9,0.211081869319834,0.69,1.255,0.6,1.3,10,"0.69 - 1.25","Chara horrida"
"396","Elatine orthosperma",0.209,1.291,0.61,0.425,0.387871685541036,0.245,1.255,0.2,1.3,10,"0.24 - 1.25","Elatine orthosperma"
"397","Gobiusculus flavescens",1.658,6.264,4.13333333333333,4.5,2.37135685491099,1.89,6.12,1.6,6.3,10,"1.89 - 6.12","Gobiusculus flavescens"
"398","Iris pseudacorus",0.1,0.982,0.375,0.3,0.299304749934466,0.1,0.91,0.1,1,10,"0.1 - 0.91","Iris pseudacorus"
"399","Iris pseudoacorus",0.0135,0.8,0.405,0.4,0.247711750046523,0.0675,0.8,0,0.8,10,"0.07 - 0.8","Iris pseudoacorus"
"400","Leptodictyum riparium",0.0135,2.591,0.8865,0.37,0.988455725979784,0.0675,2.555,0,2.6,10,"0.07 - 2.55","Leptodictyum riparium"
"401","Najas marina.ssp..intermedia",0.7,1,0.841,0.85,0.11608904628201,0.7,1,0.7,1,10,"0.7 - 1","Najas marina.ssp..intermedia"
"402","Ophrydium",0.0162,1.471,0.753,0.785,0.502351138812949,0.081,1.435,0,1.48,10,"0.08 - 1.43","Ophrydium"
"403","Stuckenia sp.",0.0545,1.391,0.605,0.575,0.488449929197797,0.0725,1.355,0.05,1.4,10,"0.07 - 1.35","Stuckenia sp."
"404","Vicia cracca",0,0.325,0.07,0,0.135298024950683,0,0.325,0,0.325,10,"0 - 0.32","Vicia cracca"
"405","Carex vesicaria",0.1184,0.822,0.571111111111111,0.63,0.231756577276916,0.192,0.79,0.1,0.83,9,"0.19 - 0.79","Carex vesicaria"
"406","Hieracium sp.",0,0.215,0.0572222222222222,0.02,0.0745449156176626,0,0.175,0,0.225,9,"0 - 0.17","Hieracium sp."
"407","Honkenya pebloides",0.00376,0.476,0.143777777777778,0.05,0.155470879731365,0.0188,0.38,0,0.5,9,"0.02 - 0.38","Honkenya pebloides"
"408","Nitella walhbergiana",0.05004,1.06,0.426333333333333,0.4,0.309339619189007,0.1022,0.9,0.037,1.1,9,"0.1 - 0.9","Nitella walhbergiana"
"409","Planorbidae",0.207,0.7825,0.46875,0.5,0.179159745159772,0.235,0.7125,0.2,0.8,9,"0.23 - 0.71","Planorbidae"
"410","Plantago maritima",0,0.284,0.0666666666666667,0.05,0.092736184954957,0,0.22,0,0.3,9,"0 - 0.22","Plantago maritima"
"411","Potamogeton compressus",0.10536,1.512,0.411222222222222,0.267,0.463024507390748,0.1268,1.16,0.1,1.6,9,"0.13 - 1.16","Potamogeton compressus"
"412","Potamogeton crispus",0.736,3,2.55555555555556,2.9,0.773160900316213,1.28,3,0.6,3,9,"1.28 - 3","Potamogeton crispus"
"413","Schoenoplectus maritimus",0.00800000000000001,0.676,0.283333333333333,0.25,0.203100960115899,0.04,0.58,0,0.7,9,"0.04 - 0.58","Schoenoplectus maritimus"
"414","Calliergon megalophyllum",0.2035,0.972,0.45625,0.375,0.254161787619056,0.2175,0.86,0.2,1,8,"0.22 - 0.86","Calliergon megalophyllum"
"415","Carex paleacea",0.0035,0.386,0.1625,0.175,0.121743289636138,0.0175,0.33,0,0.4,8,"0.02 - 0.33","Carex paleacea"
"416","Decapoda",0.2,30.883,7.725,0.5,13.4974865385057,0.2,30.015,0.2,31.1,8,"0.2 - 30.02","Decapoda"
"417","Drepanocladus cf..sordidus",0.614,1.093,0.9375,1,0.159798980865694,0.67,1.065,0.6,1.1,8,"0.67 - 1.06","Drepanocladus cf..sordidus"
"418","Gordius sp.",0.307,6.488,2.00625,0.7,2.43434319390555,0.335,6.04,0.3,6.6,8,"0.34 - 6.04","Gordius sp."
"419","Juncus bulbosus",0.2021,0.5695,0.33625,0.3,0.126596941962615,0.2105,0.5275,0.2,0.58,8,"0.21 - 0.53","Juncus bulbosus"
"420","Planorbarius corneus",0,0.428,0.24275,0.298,0.185416712145527,0,0.428,0,0.428,8,"0 - 0.43","Planorbarius corneus"
"421","Pungitus pungitus",0.2665,7.41285,3.505,2.6885,3.19391571585726,0.3325,7.41225,0.25,7.413,8,"0.33 - 7.41","Pungitus pungitus"
"422","Rumex aquaticus",0,0.486,0.177,0.179,0.18224630115784,0,0.43,0,0.5,8,"0 - 0.43","Rumex aquaticus"
"423","Allium schoenoprasum",0.00600000000000001,0.67,0.228571428571429,0.2,0.221466970556828,0.03,0.55,0,0.7,7,"0.03 - 0.55","Allium schoenoprasum"
"424","Audouinella purpurea",2.06,5.94,3.8,3.6,1.34660065844828,2.3,5.7,2,6,7,"2.3 - 5.7","Audouinella purpurea"
"425","Chara aspera var. subinermis",0.542,3.016,1.58571428571429,1.6,0.781938981908801,0.71,2.68,0.5,3.1,7,"0.71 - 2.68","Chara aspera var. subinermis"
"426","Corixidae",0.3,0.46,0.375714285714286,0.35,0.0807995756707387,0.3,0.46,0.3,0.46,7,"0.3 - 0.46","Corixidae"
"427","Epilobium sp.",0,0.488,0.171428571428571,0.1,0.179947082168487,0,0.44,0,0.5,7,"0 - 0.44","Epilobium sp."
"428","Honckenya peploides",0,0.0594,0.0271428571428571,0.03,0.026903708365382,0,0.057,0,0.06,7,"0 - 0.06","Honckenya peploides"
"429","Racomitrium canescens",0,0.822,0.245428571428571,0.005,0.394518211300339,0,0.822,0,0.822,7,"0 - 0.82","Racomitrium canescens"
"430","Stuckenia vaginata",0.472,2.282,1.67142857142857,1.7,0.610230245383619,0.76,2.21,0.4,2.3,7,"0.76 - 2.21","Stuckenia vaginata"
"431","Warnstorfia sp.",0.0018,1.258,0.433714285714286,0.353,0.436532058496553,0.009,1.09,0,1.3,7,"0.01 - 1.09","Warnstorfia sp."
"432","Chara baltica.var.breviaculeata",0.72,0.92,0.82,0.82,0.0894427190999916,0.72,0.92,0.72,0.92,6,"0.72 - 0.92","Chara baltica.var.breviaculeata"
"433","Chara baltica/horrida",0.0825,1,0.758333333333333,0.9,0.36934626932821,0.2125,1,0.05,1,6,"0.21 - 1","Chara baltica/horrida"
"434","Fissidens adianthoides",0.525,2.98,1.71666666666667,1.6,0.951665207237643,0.625,2.9,0.5,3,6,"0.62 - 2.9","Fissidens adianthoides"
"435","Mytilopsis leucophaeata.OLDSCALE",1.232,5.876,2.9,2.4,1.8411952639522,1.36,5.38,1.2,6,6,"1.36 - 5.38","Mytilopsis leucophaeata.OLDSCALE"
"436","Picea abies",0.0525,0.4,0.275,0.35,0.157321327225523,0.0625,0.4,0.05,0.4,6,"0.06 - 0.4","Picea abies"
"437","Potamopyrgus antipodarum",0.4,0.5,0.45,0.45,0.0547722557505166,0.4,0.5,0.4,0.5,6,"0.4 - 0.5","Potamopyrgus antipodarum"
"438","Primula nutans subsp. finmarchica",0,0,0,0,0,0,0,0,0,6,"0 - 0","Primula nutans subsp. finmarchica"
"439","Scorpidium sp",0.258,0.528,0.364666666666667,0.308,0.128478273130778,0.258,0.528,0.258,0.528,6,"0.26 - 0.53","Scorpidium sp"
"440","Triglochin sp.",0.098,0.5,0.331666666666667,0.325,0.16314615124687,0.13,0.5,0.09,0.5,6,"0.13 - 0.5","Triglochin sp."
"441","Bangia atropurpurea",0.284,3.3,2.28,2.3,1.26570138658374,0.62,3.3,0.2,3.3,5,"0.62 - 3.3","Bangia atropurpurea"
"442","Chara baltica var breviaculeata",0.908,1.492,1.22,1.3,0.228035085019828,0.94,1.46,0.9,1.5,5,"0.94 - 1.46","Chara baltica var breviaculeata"
"443","Chara cf..globularis",0.3224,1.774,1.146,1.39,0.57691420505999,0.412,1.71,0.3,1.79,5,"0.41 - 1.71","Chara cf..globularis"
"444","Chenopodium sp.",0.05,0.36,0.236,0.36,0.169793992826601,0.05,0.36,0.05,0.36,5,"0.05 - 0.36","Chenopodium sp."
"445","Chorda / Halosiphon",0.204,1.94,0.7,0.5,0.73824115301167,0.22,1.7,0.2,2,5,"0.22 - 1.7","Chorda / Halosiphon"
"446","Comarum palustre",0.004,0.392,0.17,0.15,0.148323969741913,0.02,0.36,0,0.4,5,"0.02 - 0.36","Comarum palustre"
"447","Fissidens sp.",0.04,4.93584,1.7558,1.2,1.94113837734459,0.2,4.3632,0,5.079,5,"0.2 - 4.36","Fissidens sp."
"448","Galium palustre.ssp..palustre",0.2,0.296,0.22,0.2,0.0447213595499958,0.2,0.28,0.2,0.3,5,"0.2 - 0.28","Galium palustre.ssp..palustre"
"449","Hajottajabakteerikerros",1.612,3.96,2.5,2,0.989949493661167,1.66,3.8,1.6,4,5,"1.66 - 3.8","Hajottajabakteerikerros"
"450","Hippophae rhamnoides",0.02,0.0496,0.034,0.04,0.0134164078649987,0.02,0.048,0.02,0.05,5,"0.02 - 0.05","Hippophae rhamnoides"
"451","Hippuris x lanceolata",0.054,0.448,0.27,0.3,0.168077363139716,0.07,0.44,0.05,0.45,5,"0.07 - 0.44","Hippuris x lanceolata"
"452","Leymus arenarius",0,0.098,0.04,0.05,0.0418330013267038,0,0.09,0,0.1,5,"0 - 0.09","Leymus arenarius"
"453","Macroplea mutica",0.412,1.672,0.92,0.8,0.486826457785523,0.46,1.56,0.4,1.7,5,"0.46 - 1.56","Macroplea mutica"
"454","Ostracoda",0.1404,0.7788,0.302,0.15,0.283496031718259,0.142,0.694,0.14,0.8,5,"0.14 - 0.69","Ostracoda"
"455","Peittävä punainen.levämatto",0.55,6.46,3.32,3.5,2.74968179977248,0.55,6.3,0.55,6.5,5,"0.55 - 6.3","Peittävä punainen.levämatto"
"456","Salix phylicifolia",0,0.1,0.04,0,0.0547722557505166,0,0.1,0,0.1,5,"0 - 0.1","Salix phylicifolia"
"457","Sander lucioperca",8.34,37,23.72,20.1,12.8944561731001,9.7,37,8,37,5,"9.7 - 37","Sander lucioperca"
"458","Sphagnum platyphyllum",0.15,0.396,0.24,0.2,0.108397416943394,0.15,0.38,0.15,0.4,5,"0.15 - 0.38","Sphagnum platyphyllum"
"459","Viola sp.",0,0.248,0.1,0.05,0.117260393995586,0,0.24,0,0.25,5,"0 - 0.24","Viola sp."
"460","Viviparus sp.",0.448,8.72,2.94,1.7,3.44209238690655,0.64,7.6,0.4,9,5,"0.64 - 7.6","Viviparus sp."
"461","Asellus aquaticus",0.353,0.794,0.55,0.5,0.229128784747792,0.365,0.77,0.35,0.8,4,"0.36 - 0.77","Asellus aquaticus"
"462","Aster tripolium..Tripolium.vulgare.",0.112,0.694,0.45,0.5,0.251661147842358,0.16,0.67,0.1,0.7,4,"0.16 - 0.67","Aster tripolium..Tripolium.vulgare."
"463","Atriplex prostrata",0,0.0485,0.0125,0,0.025,0,0.0425,0,0.05,4,"0 - 0.04","Atriplex prostrata"
"464","Audouinella efflorescens",3.4,4.4,3.9,3.9,0.577350269189626,3.4,4.4,3.4,4.4,4,"3.4 - 4.4","Audouinella efflorescens"
"465","Bidens sp.",0,0.2552,0.09,0.05,0.122746350930146,0,0.236,0,0.26,4,"0 - 0.24","Bidens sp."
"466","Calliergon cordifolium",0.1015,0.3485,0.225,0.225,0.119023807142381,0.1075,0.3425,0.1,0.35,4,"0.11 - 0.34","Calliergon cordifolium"
"467","Callitriche hamulata",0.109,0.5485,0.3875,0.45,0.201556443707464,0.145,0.5425,0.1,0.55,4,"0.14 - 0.54","Callitriche hamulata"
"468","Calothrix",0.003,0.6,0.325,0.35,0.320156211871642,0.015,0.6,0,0.6,4,"0.01 - 0.6","Calothrix"
"469","Chaetophora incrassata",0.5015,1,0.7625,0.775,0.275,0.5075,1,0.5,1,4,"0.51 - 1","Chaetophora incrassata"
"470","Chara globularis var. Virgata",0.503,0.894,0.675,0.65,0.170782512765993,0.515,0.87,0.5,0.9,4,"0.52 - 0.87","Chara globularis var. Virgata"
"471","Dytiscidae",0.1605,4.97,2.4125,2.25,2.44893684415639,0.2025,4.85,0.15,5,4,"0.2 - 4.85","Dytiscidae"
"472","Ectocarpus confervoides",0.8367,2.985,2.0025,2.1,0.958484046120052,0.9435,2.925,0.81,3,4,"0.94 - 2.92","Ectocarpus confervoides"
"473","Elymus repens",0,0.097,0.025,0,0.05,0,0.085,0,0.1,4,"0 - 0.08","Elymus repens"
"474","Equisetum sp.",0.112,0.797,0.525,0.6,0.309569593683445,0.16,0.785,0.1,0.8,4,"0.16 - 0.78","Equisetum sp."
"475","Festuca rubra",0,0.0985,0.0375,0.025,0.0478713553878169,0,0.0925,0,0.1,4,"0 - 0.09","Festuca rubra"
"476","Hydracarina .Hydrachnellae.tai.Hydrachnidia",0.3,0.3,0.3,0.3,0,0.3,0.3,0.3,0.3,4,"0.3 - 0.3","Hydracarina .Hydrachnellae.tai.Hydrachnidia"
"477","Macroplea pubipennis",0.5,0.5,0.5,0.5,0,0.5,0.5,0.5,0.5,4,"0.5 - 0.5","Macroplea pubipennis"
"478","Marenzelleria sp.",1.947,7.961,5.8,6.7,2.73617738216415,2.535,7.805,1.8,8,4,"2.53 - 7.8","Marenzelleria sp."
"479","Myrica gale",0.003,0.1985,0.1125,0.125,0.0853912563829966,0.015,0.1925,0,0.2,4,"0.01 - 0.19","Myrica gale"
"480","Oligochaeta",0.23,7.97,3.865,3.615,4.21714358304291,0.23,7.85,0.23,8,4,"0.23 - 7.85","Oligochaeta"
"481","Pedicularis sp.",0.0015,2.916,0.8125,0.125,1.4608074251363,0.0075,2.58,0,3,4,"0.01 - 2.58","Pedicularis sp."
"482","Potamogeton gramineus.x.Potamogeton.perfoliatus....P..nitens.",1.0009,2.3536,1.4775,1.265,0.643758495089579,1.0045,2.248,1,2.38,4,"1 - 2.25","Potamogeton gramineus.x.Potamogeton.perfoliatus....P..nitens."
"483","Potamogeton lucens",0.051,2.338,1.03,0.855,0.985731538841416,0.135,2.17,0.03,2.38,4,"0.13 - 2.17","Potamogeton lucens"
"484","Potamopyrgus jenkinsi",0.3,2.44,0.9,0.4,1.07082522694727,0.3,2.2,0.3,2.5,4,"0.3 - 2.2","Potamopyrgus jenkinsi"
"485","Rumex longifolius",0.0512,0.1967,0.1075,0.09,0.064485140407177,0.056,0.1835,0.05,0.2,4,"0.06 - 0.18","Rumex longifolius"
"486","Spergularia salina",0,0.0194,0.005,0,0.01,0,0.017,0,0.02,4,"0 - 0.02","Spergularia salina"
"487","Spinachia spinachia",1.608,3.47,2.36666666666667,2,1.00166528008778,1.64,3.35,1.6,3.5,4,"1.64 - 3.35","Spinachia spinachia"
"488","Stellaria sp.",0.1015,0.2955,0.175,0.15,0.0866025403784439,0.1075,0.2775,0.1,0.3,4,"0.11 - 0.28","Stellaria sp."
"489","Taurulus bubalus",11,11,11,11,NA,11,11,11,11,4,"11 - 11","Taurulus bubalus"
"490","Urospora penicilliformis",0.4,0.694,0.5,0.45,0.141421356237309,0.4,0.67,0.4,0.7,4,"0.4 - 0.67","Urospora penicilliformis"
"491","Valeriana sp.",0.00600000000000001,0.3955,0.2125,0.225,0.165201896679992,0.03,0.3775,0,0.4,4,"0.03 - 0.38","Valeriana sp."
"492","Ammodytidae sp.",6.713,7.987,7.35,7.35,0.919238815542512,6.765,7.935,6.7,8,3,"6.77 - 7.93","Ammodytidae sp."
"493","Anodonta cygnea",0.202,0.3,0.266666666666667,0.3,0.0577350269189626,0.21,0.3,0.2,0.3,3,"0.21 - 0.3","Anodonta cygnea"
"494","Anodonta sp.",0.4,0.4,0.4,0.4,0,0.4,0.4,0.4,0.4,3,"0.4 - 0.4","Anodonta sp."
"495","Carex cespitosa",0,0.098,0.0333333333333333,0,0.0577350269189626,0,0.09,0,0.1,3,"0 - 0.09","Carex cespitosa"
"496","Embletonia pallida",10.643,14.857,12.75,12.75,3.04055915910216,10.815,14.685,10.6,14.9,3,"10.81 - 14.69","Embletonia pallida"
"497","Eriocheir sinensis",9.075,16.425,12.75,12.75,5.30330085889911,9.375,16.125,9,16.5,3,"9.38 - 16.12","Eriocheir sinensis"
"498","Lathyrus palustris",0.00800000000000001,0.4,0.266666666666667,0.4,0.23094010767585,0.04,0.4,0,0.4,3,"0.04 - 0.4","Lathyrus palustris"
"499","Nematomorpha",0.576,4.398,3.06666666666667,4.3,2.22336081942031,0.88,4.39,0.5,4.4,3,"0.88 - 4.39","Nematomorpha"
"500","Pisidium / Sphaerium",0.104,0.398,0.266666666666667,0.3,0.152752523165195,0.12,0.39,0.1,0.4,3,"0.12 - 0.39","Pisidium / Sphaerium"
"501","Polyides rotundus",13.7,13.7,13.7,13.7,0,13.7,13.7,13.7,13.7,3,"13.7 - 13.7","Polyides rotundus"
"502","Potentilla anserina",0,0.049,0.0166666666666667,0,0.0288675134594813,0,0.045,0,0.05,3,"0 - 0.04","Potentilla anserina"
"503","Pungitius pungitius",0.504,0.896,0.7,0.7,0.2,0.52,0.88,0.5,0.9,3,"0.52 - 0.88","Pungitius pungitius"
"504","Rumex longifolia",0.45,0.695,0.533333333333333,0.45,0.144337567297406,0.45,0.675,0.45,0.7,3,"0.45 - 0.67","Rumex longifolia"
"505","Tinca tinca",0.404,1.188,0.733333333333333,0.6,0.416333199893227,0.42,1.14,0.4,1.2,3,"0.42 - 1.14","Tinca tinca"
"506","Alnus incana",5e-04,0.0495,0.025,0.025,0.0353553390593274,0.0025,0.0475,0,0.05,2,"0 - 0.05","Alnus incana"
"507","Calamagrostis stricta",0.22575,0.29925,0.2625,0.2625,0.053033008588991,0.22875,0.29625,0.225,0.3,2,"0.23 - 0.3","Calamagrostis stricta"
"508","Charales",0.713,1.987,1.35,1.35,0.919238815542512,0.765,1.935,0.7,2,2,"0.76 - 1.94","Charales"
"509","Cobitis taenia",0.501,0.599,0.55,0.55,0.0707106781186547,0.505,0.595,0.5,0.6,2,"0.5 - 0.6","Cobitis taenia"
"510","Coccotyllus / Phyllophora / Furcellaria",6.506,7.094,6.8,6.8,0.424264068711928,6.53,7.07,6.5,7.1,2,"6.53 - 7.07","Coccotyllus / Phyllophora / Furcellaria"
"511","Cyperaceae spp.",0.113,0.113,0.113,0.113,0,0.113,0.113,0.113,0.113,2,"0.11 - 0.11","Cyperaceae spp."
"512","Deschampsia flexuosa",0.0525,0.2975,0.175,0.175,0.176776695296637,0.0625,0.2875,0.05,0.3,2,"0.06 - 0.29","Deschampsia flexuosa"
"513","Ectocarpus sp.",0.3,0.3,0.3,0.3,0,0.3,0.3,0.3,0.3,2,"0.3 - 0.3","Ectocarpus sp."
"514","Embletonia pallida.OLDSCALE",10.6,10.6,10.6,10.6,NA,10.6,10.6,10.6,10.6,2,"10.6 - 10.6","Embletonia pallida.OLDSCALE"
"515","Euphrasia sp.",0.0505,0.0995,0.075,0.075,0.0353553390593274,0.0525,0.0975,0.05,0.1,2,"0.05 - 0.1","Euphrasia sp."
"516","Fissidens pusillus",1.114,2.486,1.8,1.8,0.989949493661166,1.17,2.43,1.1,2.5,2,"1.17 - 2.43","Fissidens pusillus"
"517","Gadus morhua",7.13,19.87,13.5,13.5,9.19238815542512,7.65,19.35,7,20,2,"7.65 - 19.35","Gadus morhua"
"518","Galium palustre subsp. palustre",0.005,0.495,0.25,0.25,0.353553390593274,0.025,0.475,0,0.5,2,"0.03 - 0.48","Galium palustre subsp. palustre"
"519","Gerridae",0.501,0.599,0.55,0.55,0.0707106781186547,0.505,0.595,0.5,0.6,2,"0.5 - 0.6","Gerridae"
"520","Glyceria fluitans.cf.",0.196,0.784,0.49,0.49,0.424264068711929,0.22,0.76,0.19,0.79,2,"0.22 - 0.76","Glyceria fluitans.cf."
"521","Hippuris cf.vulgaris",0.01,0.01,0.01,0.01,0,0.01,0.01,0.01,0.01,2,"0.01 - 0.01","Hippuris cf.vulgaris"
"522","Hygrohypnum luridum",1.001,1.099,1.05,1.05,0.0707106781186548,1.005,1.095,1,1.1,2,"1.01 - 1.09","Hygrohypnum luridum"
"523","Leondoton autumnalis",0.002,0.198,0.1,0.1,0.14142135623731,0.01,0.19,0,0.2,2,"0.01 - 0.19","Leondoton autumnalis"
"524","Leontodon sp.",0.0505,0.0995,0.075,0.075,0.0353553390593274,0.0525,0.0975,0.05,0.1,2,"0.05 - 0.1","Leontodon sp."
"525","Menyanthes trifoliata",0.102,0.298,0.2,0.2,0.14142135623731,0.11,0.29,0.1,0.3,2,"0.11 - 0.29","Menyanthes trifoliata"
"526","Myriophyllum cf.spicatum",0.5832,0.8968,0.74,0.74,0.226274169979695,0.596,0.884,0.58,0.9,2,"0.6 - 0.88","Myriophyllum cf.spicatum"
"527","Myriophyllum sp./Ceratophyllum sp.",2.013,3.287,2.65,2.65,0.919238815542512,2.065,3.235,2,3.3,2,"2.06 - 3.23","Myriophyllum sp./Ceratophyllum sp."
"528","Oenanthe aquatica",0.301,0.399,0.35,0.35,0.0707106781186548,0.305,0.395,0.3,0.4,2,"0.3 - 0.4","Oenanthe aquatica"
"529","Oscillatoria",0.6015,0.7485,0.675,0.675,0.106066017177982,0.6075,0.7425,0.6,0.75,2,"0.61 - 0.74","Oscillatoria"
"530","Pisidium ..Sphaerium",7,7,7,7,0,7,7,7,7,2,"7 - 7","Pisidium ..Sphaerium"
"531","Plantago major",0.0515,0.1985,0.125,0.125,0.106066017177982,0.0575,0.1925,0.05,0.2,2,"0.06 - 0.19","Plantago major"
"532","Potentilla sp.",0.0505,0.0995,0.075,0.075,0.0353553390593274,0.0525,0.0975,0.05,0.1,2,"0.05 - 0.1","Potentilla sp."
"533","Ranunculus sceleratus",5e-04,0.0495,0.025,0.025,0.0353553390593274,0.0025,0.0475,0,0.05,2,"0 - 0.05","Ranunculus sceleratus"
"534","ROSKA",0.433,3.667,2.05,2.05,2.33345237791561,0.565,3.535,0.4,3.7,2,"0.57 - 3.54","ROSKA"
"535","Sagina procumbens",0.107,0.793,0.45,0.45,0.494974746830583,0.135,0.765,0.1,0.8,2,"0.14 - 0.76","Sagina procumbens"
"536","Spergularia salina.cf.",0,0,0,0,0,0,0,0,0,2,"0 - 0","Spergularia salina.cf."
"537","Unionidae shells",4.5,4.5,4.5,4.5,0,4.5,4.5,4.5,4.5,2,"4.5 - 4.5","Unionidae shells"
"538"," Climacium.dendroides",0.89,0.89,0.89,0.89,NA,0.89,0.89,0.89,0.89,1,"0.89 - 0.89"," Climacium.dendroides"
"539","Alnus glutinosa",0.525,0.525,0.525,0.525,NA,0.525,0.525,0.525,0.525,1,"0.52 - 0.52","Alnus glutinosa"
"540","Alopecurus geniculatus",0.225,0.225,0.225,0.225,NA,0.225,0.225,0.225,0.225,1,"0.22 - 0.22","Alopecurus geniculatus"
"541","Ammophila arenaria",0.2,0.2,0.2,0.2,NA,0.2,0.2,0.2,0.2,1,"0.2 - 0.2","Ammophila arenaria"
"542","Angelica archangelica.ssp..litoralis",0.1,0.1,0.1,0.1,NA,0.1,0.1,0.1,0.1,1,"0.1 - 0.1","Angelica archangelica.ssp..litoralis"
"543","Annelida",8.1,8.1,8.1,8.1,NA,8.1,8.1,8.1,8.1,1,"8.1 - 8.1","Annelida"
"544","Artemisia campestris",0,0,0,0,NA,0,0,0,0,1,"0 - 0","Artemisia campestris"
"545","Atriplex sp.",0.1,0.1,0.1,0.1,NA,0.1,0.1,0.1,0.1,1,"0.1 - 0.1","Atriplex sp."
"546","Bufo bufo",0.3,0.3,0.3,0.3,NA,0.3,0.3,0.3,0.3,1,"0.3 - 0.3","Bufo bufo"
"547","Calothrix sp.",0.05,0.05,0.05,0.05,NA,0.05,0.05,0.05,0.05,1,"0.05 - 0.05","Calothrix sp."
"548","Capsella bursa.pasturis",0.7,0.7,0.7,0.7,NA,0.7,0.7,0.7,0.7,1,"0.7 - 0.7","Capsella bursa.pasturis"
"549","Capsosiphon fulvescens",0.3,0.3,0.3,0.3,NA,0.3,0.3,0.3,0.3,1,"0.3 - 0.3","Capsosiphon fulvescens"
"550","Cardamine pratensis",0,0,0,0,NA,0,0,0,0,1,"0 - 0","Cardamine pratensis"
"551","Cardamine pratensis..cf.",0.34,0.34,0.34,0.34,NA,0.34,0.34,0.34,0.34,1,"0.34 - 0.34","Cardamine pratensis..cf."
"552","Carex canescens",0.125,0.125,0.125,0.125,NA,0.125,0.125,0.125,0.125,1,"0.12 - 0.12","Carex canescens"
"553","Carex diandra",0.1,0.1,0.1,0.1,NA,0.1,0.1,0.1,0.1,1,"0.1 - 0.1","Carex diandra"
"554","Chamerion angustifolium..ent..Epilobium.angustifolium.",0.1,0.1,0.1,0.1,NA,0.1,0.1,0.1,0.1,1,"0.1 - 0.1","Chamerion angustifolium..ent..Epilobium.angustifolium."
"555","Chara baltica.horrida",0.77,0.77,0.77,0.77,NA,0.77,0.77,0.77,0.77,1,"0.77 - 0.77","Chara baltica.horrida"
"556","Chara globularis.var..Virgata",NA,NA,NA,NA,NA,NA,NA,Inf,-Inf,1,"NA - NA","Chara globularis.var..Virgata"
"557","Chara virgata/globularis",0.7,0.7,0.7,0.7,NA,0.7,0.7,0.7,0.7,1,"0.7 - 0.7","Chara virgata/globularis"
"558","Cicuta virosa.cf.",0.34,0.34,0.34,0.34,NA,0.34,0.34,0.34,0.34,1,"0.34 - 0.34","Cicuta virosa.cf."
"559","Dactylis glomerata",0,0,0,0,NA,0,0,0,0,1,"0 - 0","Dactylis glomerata"
"560","Drepanocladus polygamus",0.75,0.75,0.75,0.75,NA,0.75,0.75,0.75,0.75,1,"0.75 - 0.75","Drepanocladus polygamus"
"561","Eleocharis quinqueflora",0.05,0.05,0.05,0.05,NA,0.05,0.05,0.05,0.05,1,"0.05 - 0.05","Eleocharis quinqueflora"
"562","Eleocharis uniglumis.ssp..uniglumis",0.4,0.4,0.4,0.4,NA,0.4,0.4,0.4,0.4,1,"0.4 - 0.4","Eleocharis uniglumis.ssp..uniglumis"
"563","Fontinalis dichelymoides",0.2,0.2,0.2,0.2,NA,0.2,0.2,0.2,0.2,1,"0.2 - 0.2","Fontinalis dichelymoides"
"564","Galerucella nymphaea",0.7,0.7,0.7,0.7,NA,0.7,0.7,0.7,0.7,1,"0.7 - 0.7","Galerucella nymphaea"
"565","Galium uliginosum",0.1,0.1,0.1,0.1,NA,0.1,0.1,0.1,0.1,1,"0.1 - 0.1","Galium uliginosum"
"566","Geranium sylvaticum",0.1,0.1,0.1,0.1,NA,0.1,0.1,0.1,0.1,1,"0.1 - 0.1","Geranium sylvaticum"
"567","Glyceria maxima",1.99,1.99,1.99,1.99,NA,1.99,1.99,1.99,1.99,1,"1.99 - 1.99","Glyceria maxima"
"568","Hippophaë rhamnoides",0,0,0,0,NA,0,0,0,0,1,"0 - 0","Hippophaë rhamnoides"
"569","Hippuris vulgaris.x.tetraphylla",0.05,0.05,0.05,0.05,NA,0.05,0.05,0.05,0.05,1,"0.05 - 0.05","Hippuris vulgaris.x.tetraphylla"
"570","Hydrocharis morsus.ranae",0.15,0.15,0.15,0.15,NA,0.15,0.15,0.15,0.15,1,"0.15 - 0.15","Hydrocharis morsus.ranae"
"571","Juncus articulatus",0.05,0.05,0.05,0.05,NA,0.05,0.05,0.05,0.05,1,"0.05 - 0.05","Juncus articulatus"
"572","Juncus balticus",0.225,0.225,0.225,0.225,NA,0.225,0.225,0.225,0.225,1,"0.22 - 0.22","Juncus balticus"
"573","Lycopus europaeus",0.1,0.1,0.1,0.1,NA,0.1,0.1,0.1,0.1,1,"0.1 - 0.1","Lycopus europaeus"
"574","Marchanthiophyta sp.",0.2,0.2,0.2,0.2,NA,0.2,0.2,0.2,0.2,1,"0.2 - 0.2","Marchanthiophyta sp."
"575","Marchantia polymorpha L.",0.45,0.45,0.45,0.45,NA,0.45,0.45,0.45,0.45,1,"0.45 - 0.45","Marchantia polymorpha L."
"576","Nitellopsis sp.",0.6,0.6,0.6,0.6,NA,0.6,0.6,0.6,0.6,1,"0.6 - 0.6","Nitellopsis sp."
"577","Nymphaea tetragona",0.7,0.7,0.7,0.7,NA,0.7,0.7,0.7,0.7,1,"0.7 - 0.7","Nymphaea tetragona"
"578","Odontites sp.",0.15,0.15,0.15,0.15,NA,0.15,0.15,0.15,0.15,1,"0.15 - 0.15","Odontites sp."
"579","Parvicardium hauniense",2.6,2.6,2.6,2.6,NA,2.6,2.6,2.6,2.6,1,"2.6 - 2.6","Parvicardium hauniense"
"580","Percursaria percursa",0.3,0.3,0.3,0.3,NA,0.3,0.3,0.3,0.3,1,"0.3 - 0.3","Percursaria percursa"
"581","Persicaria lapathifolia.ssp..Pallida",0,0,0,0,NA,0,0,0,0,1,"0 - 0","Persicaria lapathifolia.ssp..Pallida"
"582","Persicaria maculosa",0,0,0,0,NA,0,0,0,0,1,"0 - 0","Persicaria maculosa"
"583","Polychaeta",7.2,7.2,7.2,7.2,NA,7.2,7.2,7.2,7.2,1,"7.2 - 7.2","Polychaeta"
"584","Polygonum aviculare",0,0,0,0,NA,0,0,0,0,1,"0 - 0","Polygonum aviculare"
"585","Potamogeton cf.lucens",1.53,1.53,1.53,1.53,NA,1.53,1.53,1.53,1.53,1,"1.53 - 1.53","Potamogeton cf.lucens"
"586","Potamogeton pusillus/berchtoldii",0.6,0.6,0.6,0.6,NA,0.6,0.6,0.6,0.6,1,"0.6 - 0.6","Potamogeton pusillus/berchtoldii"
"587","Ranatra linearis",0.6,0.6,0.6,0.6,NA,0.6,0.6,0.6,0.6,1,"0.6 - 0.6","Ranatra linearis"
"588","Ranunculus reptabundus",0.17,0.17,0.17,0.17,NA,0.17,0.17,0.17,0.17,1,"0.17 - 0.17","Ranunculus reptabundus"
"589","Ranunculus scleratus",0,0,0,0,NA,0,0,0,0,1,"0 - 0","Ranunculus scleratus"
"590","Rhinanthus vernalis",0,0,0,0,NA,0,0,0,0,1,"0 - 0","Rhinanthus vernalis"
"591","Rosaceae",0.45,0.45,0.45,0.45,NA,0.45,0.45,0.45,0.45,1,"0.45 - 0.45","Rosaceae"
"592","Rumex acetosa.ssp..Acetosa",0.225,0.225,0.225,0.225,NA,0.225,0.225,0.225,0.225,1,"0.22 - 0.22","Rumex acetosa.ssp..Acetosa"
"593","Ruppia maritima.var..Maritima",NA,NA,NA,NA,NA,NA,NA,Inf,-Inf,1,"NA - NA","Ruppia maritima.var..Maritima"
"594","Samolus valerandi",0.3,0.3,0.3,0.3,NA,0.3,0.3,0.3,0.3,1,"0.3 - 0.3","Samolus valerandi"
"595","Sarmentypnum trichophyllum",0.5,0.5,0.5,0.5,NA,0.5,0.5,0.5,0.5,1,"0.5 - 0.5","Sarmentypnum trichophyllum"
"596","Scophthalmus maximus",4,4,4,4,NA,4,4,4,4,1,"4 - 4","Scophthalmus maximus"
"597","Sedinae sp.",0.1,0.1,0.1,0.1,NA,0.1,0.1,0.1,0.1,1,"0.1 - 0.1","Sedinae sp."
"598","Solanum dulcamara",0.5,0.5,0.5,0.5,NA,0.5,0.5,0.5,0.5,1,"0.5 - 0.5","Solanum dulcamara"
"599","Spirodela polyrhiza",0.4,0.4,0.4,0.4,NA,0.4,0.4,0.4,0.4,1,"0.4 - 0.4","Spirodela polyrhiza"
"600","Straminergon stramineum",0.7,0.7,0.7,0.7,NA,0.7,0.7,0.7,0.7,1,"0.7 - 0.7","Straminergon stramineum"
"601","Taurulus bubalis",0.3,0.3,0.3,0.3,NA,0.3,0.3,0.3,0.3,1,"0.3 - 0.3","Taurulus bubalis"
"602","Timmia austriaca",0.1,0.1,0.1,0.1,NA,0.1,0.1,0.1,0.1,1,"0.1 - 0.1","Timmia austriaca"
"603","Warnstorfia procera",0.4,0.4,0.4,0.4,NA,0.4,0.4,0.4,0.4,1,"0.4 - 0.4","Warnstorfia procera"
"604","Veronica longifolia",0,0,0,0,NA,0,0,0,0,1,"0 - 0","Veronica longifolia"
"605","Vicia sp.",0.05,0.05,0.05,0.05,NA,0.05,0.05,0.05,0.05,1,"0.05 - 0.05","Vicia sp."
